Unit #,Unit Description,Department,Area,Model No.,Critical Unit,Serial No.,Install Date,Refrigerant,Filter Size,Tons,Asset Type,Location List,Number of Filters,Weight
744,4 Hi Chiller,CM 2,Tension Level,30XAB352F4-03H73,FALSE,2618Q96210,8/1/2019,R134,,350,Chiller,,0,CIR A 200LBS CIR B 195LBS
743,6 Hi Chiller,CM 2,Tension Level,30XAB352F4-03H73,FALSE,2618Q96216,8/1/2019,R134,,350,Chiller,,0,Circuit A 200LBS Circuit B 195lbs
088,Degasser Chiller,Degasser,Degasser Chiller,30HXC186R671K,FALSE,3812Q20437,,R134A,,185,Water Source Chiller,,0,135lbs x2
81A,Caster Chiller A West,Caster,Caster Chiller A West,30HXC096M--671KA,FALSE,3113Q21225,,R134A,,95,Water Source Chiller,,0,"""94LBS,70LBS"""
81B,Caster Chiller B East,Caster,Caster Chiller B East,30HXC096M--671KA,FALSE,3113Q21259,,R134A,,95,Water Source Chiller,,0,"""94LBS,70LBS"""
259,Pickle Chiller EAST,Pickle Line,Pickle Chiller EAST,30HXC086R661,FALSE,0908Q08834,,R134A,,85,Water Source Chiller,,0,76/75 LBS
260,Pickle Chiller WEST,Pickle Line,Pickle Chiller WEST,30HXC086R661,FALSE,0908Q08835,,R134A,,85,Water Source Chiller,,0,76/75 LBS
081,Caster Chiller,Caster,Caster Chiller,30HXC086R-671,FALSE,2316Q23534,1/1/2017,R134A,,85,Water Source Chiller,,0,"""75,76 LBS"""
402B,Melt Shop Chiller,MS Outer Bldgs,Melt Shop Chiller,30XAB0826T,FALSE,3513Q93330,,R134A,,75,Air to Air,,0,121
402A,Melt Shop Chiller,MS Outer Bldgs,Melt Shop Chiller,30XAB0826T,FALSE,3513Q93336,,R134A,,75,Air to Air,,0,121
235,Process Elect Galv Line Chiller,Cold Mill,Process Elect Galv Line Chiller,30GTN060631KA,FALSE,5103F70103,,R22,,60,Air to Air Chiller,,0,52/54LBS
135,Cyclo Rm. 3,Hot Mill,Cyclo Rm. 3,50BT044610,FALSE,0292F81586,,R22,24X24,50,Water Source,,10,26LB/26LB
131,Cyclo Rm. 5,Hot Mill,Cyclo Rm. 5,50BT044610,FALSE,0792F85973,,R22,24X24,50,Water Source,,10,26LB/26LB
405,Roll Mill Chiller,MS Outer Bldgs,Roll Mill Chilller,30GTN050620KA,FALSE,1702F49429,,R22,,50,Air to Air,,0,48/60 LB
404,Roll Mill Chiller,MS Outer Bldgs,Roll Mill Chilller,30GTN050620KA,FALSE,1902F52649,,R22,,50,Air to Air,,0,48/60 LB
134,Cyclo Rm.2,Hot Mill,Cyclo Rm.2,50BT054610,FALSE,2191F61805,,R22,24X24,50,Water Source,,10,33LB/33LB
133,Cyclo Rm. 1,Hot Mill,Cyclo Rm. 1,50BT054610,FALSE,2191F61806,,R22,24X24,50,Water Source,,10,33LB/33LB
226,Process Electric Back up Chiller,Cold Mill,Process Electric Back up Chiller,30RAP0506FA00100,FALSE,2314Q50880,,R410A,,50,Water Source Chiller,,0,
132,Cyclo Rm. 4,Hot Mill,Cyclo Rm. 4,50BT054610,FALSE,3091F68535,,R22,24X24,50,Water Source,,10,33LB/33LB
774,Exit MCC East 2,CM 2,Galv Line 2,TEH600BUB10B3LB1000000000000000000,FALSE,C21D02246,12/28/2020,R410A,16x20,50,Air To Air,,17,
775,Exit MCC West 2,CM 2,Galv Line 2,TEH600B4B10B3LB10000,FALSE,C21D02247,12/28/2020,R410A,16x20,50,Air To Air,,17,
080,Caster Air Handler,Caster,Caster Air Handler,MCCB030UAOAOUA,FALSE,K05E64501,,,20x20,50,Chilled Water Fan Coil,,20,
049,LMF 1&2 MCC KOOLTRONIC,LMF,LMF 1&2 MCC KOOLTRONIC,TCV240AFCFTS,FALSE,224011766,6/14/2023,R-410A,20X20,40,Water Source,,8,196 OZ
485,Water Systems 5 Laminar Water,Outer Bldgs,Water Systems 5 Laminar Water,9740C31VPAC,FALSE,908062048,,R22,24X24,40,Water Source,,8,38LB X 2
767,Process MCC East,CM 2,Galv Line 2,TEH480B4BY0BB2JB10000000000,FALSE,C20K06349,12/28/2020,R410A,16x20,40,Air To Air,,17,
768,CM2 Process MCC WEST,CM 2,Galv Line 2,TEH480B4BY0BB2JB10000000000,FALSE,CK0K0635,12/28/2020,R410A,16x20,40,Air To Air,,17,
130,Cyclo Rm. McQuay,Hot Mill,Cyclo Rm. McQuay,SWT040C27AL1MYY1010,FALSE,FB0U000800178,,R22,24X24 20X20,40,Water Source,,0,13.75X4
679,NEW MS COMPRESSOR RM. SOUTH,MS Outer Bldgs,NEW MS COMPRESSOR RM. SOUTH,SWT040C27AL1MYY1010,FALSE,FB0U000800181,1/1/2017,R22,24X24,40,Water Source,,8,"""15,16,12,12LB"""
678,NEW MS COMPRESSOR RM. NORTH,MS Outer Bldgs,NEW MS COMPRESSOR RM. NORTH,SWT040C27AL1MYY1010,FALSE,FB0U000800288,1/1/2017,R427-A,24X24,40,Water Source,,8,"""15,16,12,12LB"""
461,Cooper Air Compressor Room,MS Outer Bldgs,Cooper Air Compressor Room,SWT040C27A4MYY,FALSE,FBOU0008000183,,R22,24X24 20X20,40,Water Source,,0,"15,16,12,12 LB"
488,CENTAC COMP ROOM,Outer Bldgs,CENTAC COMP ROOM,SWT040C27A4MYY,FALSE,FBOU0008000199,,R22,24X24 20X20,40,Water Source,,0,"""15,16,12,12LB"""
126,FX MCC,Hot Mill,FX MCC,SWT040C27A4MYY,FALSE,FBOU000800196,,R22,24X24 20x20,40,Water Source,,0,15/16/12/12LB
139,ENTRY SUB INSIDE,Hot Mill,ENTRY SUB INSIDE,SWT040C27A4MYY,FALSE,FBOU000800197,,R22,24X24 20X20,40,Water Source,,0,15/16/12/12
098,ENTRY SUB OUTSIDE,Hot Mill,ENTRY SUB OUTSIDE,SWT040C27A4MYY,FALSE,FBOU000800198,,R22,24X24,40,Water Source,,8,15/16/12/12
047,OHC MCC,LMF,OHC MCC,SWT040C27,FALSE,FBOU000800303,,R22,24X24 20x20,40,Water Source,,0,16/15/12/12LB
411,Water Systems 1A North,MS Outer Buildings,Water Systems 1A North,SWT040C27A4MYY,FALSE,FBOU000800306,,R22,24X24 20x20,40,Water Source,,0,15/16/12/12LB
092,Degasser Hydraulic,Degasser,Degasser Hydraulic,40RUSA34A5A6AOAOAO,FALSE,,,,16x25 24x24,30,Chilled Water Fan Coil,,0,
068,Caster Drive 2,Caster,Caster Drive 2,40RUSA30A5A6-0A0A0,FALSE,,,,20x25,30,Chilled Water Fan Coil,,9,
119,Coiler Electric,Hot Mill,Coiler Electric,50BVC034-E-6-E,FALSE,1422V54379,9/28/2022,R410A,20X20,30,Water Source,,12,288 oz X 2
821,Blower MCC SOUTH AC 2,CM 2,Galv Line 2,TTA30044CAB01AE,FALSE,21091629TA,12/1/2020,R410A,16X20,30,Air To Air,,6,
771,Blower MCC SOUTH AC 1,CM 2,Galv Line 2,TTA30044CAB01AE,FALSE,21092523TA,12/28/2020,R410A,16x25,30,Air To Air,,8,
770,Blower MCC NORTH AC 2,CM 2,Galv Line 2,TTA30044CAB01AE,FALSE,21151357TA,12/28/2020,R410A,16x25,30,Air To Air,,8,
769,Blower MCC NORTH AC 1,CM 2,Galv Line 2,TTA30044CAB01AE,FALSE,21151358TA,12/28/2020,R410A,16x25,30,Air To Air,,8,
204,Process Elec. South,Cold Mill,Process Elec. South,50EM034610CA,FALSE,2398F48451,,R427-A,24x24,30,Air to Air,,4,25LB X 2
449,Mega Water MCC,MS Outer Bldgs,Mega Water MCC,EC360-4VTN-FFTBUA-XATXXXXXX7XXXX3EXXXSBA,FALSE,2940-073-0000017735083524,2/2/2021,R410A,20X20,30,Water Source,,12,18/18LB
249,PROCESS AHU SOUTH,Cold Mill,PROCESS AHU SOUTH,40RMS034601HC,FALSE,4506F18429,,,24x24,30,Chilled Water Fan Coil,,4,
099,Tunnel Furnace South Dr.,Hot Mill,Tunnel Furnace South Dr.,EM3604VTN,TRUE,JF013490,,R22,20X20,30,Water Source,,12,18LB X 2
142,Motor Dr. 7,Hot Mill,Motor Dr. 7,MCCA030JBCOCCA000,FALSE,K92C11992,,,24x24,30,AHU,,6,
136,Motor Dr. 2,Hot Mill,Motor Dr. 2,MCCA030JACOBOBOOO,FALSE,K92C13810,,,24x24,30,AHU,,6,
141,Motor Dr. 6,Hot Mill,Motor Dr. 6,MCCA030JBCOCCA000,FALSE,K92C15212,,,24x24,30,AHU,,6,
137,Motor Dr.1,Hot Mill,Motor Dr.1,MCCA030JACOBOBOOO,FALSE,K92C15215,,,24x24,30,AHU,,6,
138,Motor Dr. 3,Hot Mill,Motor Dr. 3,MCCA030CADOCOAOOO,FALSE,K92C15215,,,24x24,30,AHU,,6,
140,Motor Dr. 4,Hot Mill,Motor Dr. 4,MCCA030JBCOCCA000,FALSE,K92C15794,,,24x24,30,AHU,,6,
012,Transformer Repair Room,Melt Shop,EAF Transvault 2,CU300A46A1A,FALSE,KFMP00037,,R22,20X25,30,Water Source,,4,7.5LBS X 3
203,Galv. Line Entry MCC,Cold Mill,Galv. Line Entry MCC,Z3C014EBD2A1AAAAA1,FALSE,N1C7587301,1/1/2017,R410A,20x20,30,Air to Air,,8,"""23,20,22,20LB"""
225,RT Electric East,Cold Mill,RT Electric East,Z3C014EBD2A1AAAAA1,FALSE,N1C7587302,1/1/2017,R22,24x24,30,Package,,4,"""22X2, 20X2LB"""
083,Hydraulic Rm. B Line,Caster,Hydraulic Rm. B Line,ACUUX4X360CUXXK1S,FALSE,OA1DA07B-407C,,R407C,24x24,30,Water Source,,6,25LBS
082,Hydraulic Rm. A Line,Caster,Hydraulic Rm. A Line,ACUUX4X360CUXXK1S,FALSE,OA1DF07B-407C,,R407C,24x24,30,Water Source,,6,25LBS
040,Lmf Hydraulic 1&2,LMF,Lmf Hydraulic 1&2,AC-VUX4XC240CLXXK1S,FALSE,OAFIH07I,,R407C,16x20 24x24,30,Water Source,,0,22.68LB
064,Caster Drive Rm 1,Caster,Caster Drive Rm 1,50BA028607,FALSE,0292F61777,,R22,20x20 12x12,25,Water Source,,0,24/17
257A,Tension Leveler MCC,Cold Mill,Tension Leveler MCC,WRWC2300,FALSE,1.60401E+11,,R410A,24X24 20X25,25,Water Source,,0,36lbs X 2
257B,Tension Leveler MCC,Cold Mill,Tension Leveler MCC,WRWC2300,FALSE,1.60401E+11,,R410A,24X24  20X25,25,Water Source,,0,36lbs X 2
315,606 South,Overhead Cranes,Melt Shop,VD4-CH-NT,FALSE,10092051,,R134A,12x12,25,Air to Air,,8,49
314,606 North,Overhead Cranes,Melt Shop,VD4-CH-NT,FALSE,10092051,,R134A,16x25,25,Air to Air,,8,49
313,605 MCC WEST,Overhead Cranes,Melt Shop,VD-H-460V-60,FALSE,10098734,,R134,16x25,25,Air to Air,,8,45LB
312,605 MCC EAST,Overhead Cranes,Melt Shop,VD4-H1-34-460-60,FALSE,10098880,,R134A,16x25,25,Air to Air,,8,45LB
353,637 South,Overhead Cranes,Melt Shop,VD4-34-460-60,FALSE,10099184,,R134A,16x25,25,Air to Air,,8,45LB
352,637 North,Overhead Cranes,Melt Shop,VD4-34-460-60,FALSE,10099185,,R134A,12x12,25,Air to Air,,8,45LB
697,PPL ELE MCC,CM 2,PPL ELE MCC,EBC300A4E0A00A7,FALSE,18291801JA,1/1/2018,R410A,20x25,25,Air to Air,,8,18
695,PPL ELE MCC,CM 2,PPL ELE MCC,EBC300A4E0A00A7,FALSE,18291811JA,1/1/2018,R410A,20x25,25,Air to Air,,8,18
698,PPL ELE MCC,CM 2,PPL ELE MCC,EBC300A4E0A00A7,FALSE,18291821JA,1/1/2018,R410A,20x25,25,Air to Air,,8,18
696,PPL ELE MCC,CM 2,PPL ELE MCC,EBC300A4E0A00A7,FALSE,18291829JA,1/1/2018,R410A,20x25,25,Air to Air,,8,18
766,Entry MCC West,CM 2,Galv Line 2,EBC300A4E0A040000000000000,FALSE,20081721JA,12/28/2020,R410A,20X25,25,Air To Air,,6,
765,Entry MCC East,CM 2,Galv Line 2,EBC300A4E0A400000000000000,FALSE,20081722JA,12/28/2020,R410A,20X25,25,Air To Air,,6,
206B,Galv Line Exit MCC South,Cold Mill,Galv Line Exit MCC south,EBC300A4E0B0900000000,FALSE,22371592JA,7/21/2023,R410A,20x25x1,25,Package Unit,,8,17
784,Nucor Coating Admin,Nucor Coating,,EBC300A4E0B090,FALSE,22371595JA,10/14/2022,R410A,,25,,,0,17
410A,Water Systems 1,MS Outer Buildings,Water Systems 1,TCV300AFC3ACFTS,FALSE,230811793,4/17/2023,R410A,20X20,25,Water Source,,8,33LB/33LB
410B,WATER SYSTEMS 1,MS Outer Buildings,WATER SYSTEMS 1,TCV300AFC3ACFTS,FALSE,230811794,4/17/2023,R410A,20X20,25,Water Source,,8,15.25
307,603 South,Overhead Cranes,Melt Shop,24824-2B2,FALSE,281280292,,R124,16x25,25,Air to Air,,8,45LB
309,604 MCC NORTH,Overhead Cranes,Melt Shop,SM 20,FALSE,3353,,R124,16x25,25,Air to Air,,8,45LB
310,604 MCC SOUTH,Overhead Cranes,Melt Shop,SM 20,FALSE,3482,,R124,16x25,25,Air to Air,,8,45LB
355,638 South,Overhead Cranes,Melt Shop,SPC24,FALSE,3501,,R124,16x25,25,Air to Air,,8,45LB
206,Galv Line Exit MCC,Cold Mill,Galv Line Exit MCC,50TC-P28AZA6A0A0G0,FALSE,4219P25380,11/25/2019,R410A,16X25,25,Package Unit,,9,40.2 LBS
354,638 North,Overhead Cranes,Melt Shop,SPC30,FALSE,5035-1,,R124,16x25,25,Air to Air,,8,45LB
752,Water Systems 1 North Pump House,MS Outer Buildings,Water System 1,C0AX-3012-S-13-414,FALSE,5637280597000268916,7/30/2020,R410A,20X20/6 20X25/6,25,Water Source,,12,17lbs Circuit#1 17lbs Circuit#2
751,Water Systems 1 South Pump House,MS Outer Buildings,Water System 1,COAX-3012-S-13.414,FALSE,5637280597000268920,7/28/2020,R410A,20X20/6 20X25/6,25,Water Source,,12,17lbs Circuit#1 17lbs Circuit#2
267,Cold Mill Compressor Room A,Cold Mill,Cold Mill Compressor Room A,ZF300C00A4AAA3A,FALSE,N1M4283753,,R410A,24x24,25,Package,,6,
268,Cold Mill Compressor Room B,Cold Mill,Cold Mill Compressor Room B,ZF300C00A4AAA3A,FALSE,N1M4312352,,R410A,24x24,25,Package,,6,
306,603 North,Overhead Cranes,Melt Shop,24824-2,FALSE,R-9530-AC,,R124,16x25,25,Air to Air,,8,45LB
096,VTD Sec. Sub,Degasser,VTD Sec. Sub,,FALSE,,,,20x20,20,Chilled Water Fan Coil,,4,
210,RT Basement #3,Cold Mill,RT Basement #3,50BRN02461,FALSE,0599B36957,,R22,16x20,20,Water Source,,8,8.8/8.8/7.7LB
209,RT Basement Middle Unit,Cold Mill,RT Basement Middle Unit,50BRN02461,FALSE,0599B36958,,R22,16x20,20,Water Source,,8,8.8/8.8/7.7LB
128,EX,Hot Mill,EX,50BA024640,FALSE,0692F84973,,R22,24X24 12X12,20,Water Source,,0,17LB X 2
265,Pickle Line Exit MCC NORTH AHU,Pickle Line,Pickle Line Exit MCC NORTH AHU,40RMS024601HC,FALSE,1008U07247,,,16X20,20,Chilled Water Fan Coil,,8,
263,Pickle Line Entry Electric NORTH AHU,Pickle Line,Pickle Line Entry Electric NORTH AHU,40RMS024601HC,FALSE,1008U07248,,,16X20,20,Chilled Water Fan Coil,,8,
264,Pickle Line Entry Electric SOUTH AHU,Pickle Line,Pickle Line Entry Electric SOUTH AHU,40RMS024601HC,FALSE,1008U07249,,,16X20,20,Chilled Water Fan Coil,,8,
062,Caster Tool Rm.,Caster,Caster Tool Rm.,50BRNO2461,FALSE,1101800287,,R22,,20,Water Source,,0,6.0/6.0/6.0LB
520,Old Café Locker Room Area,Admin / Cafeteria,Old Café Locker Room Area,TTA24044CAB01AE0000000000000000000000000,FALSE,21092523TA,7/27/2021,R410-A,20X20 16X20,20,Mini Split,,0,26 LB
412,Water Systems 1A South  - schedule for disposal,MS Outer Buildings,Water Systems 1A South,50BRNO245,FALSE,2197B46852,,R22,,20,Water Source,,0,8.8/8.8/7.7
519,Old Café Dining Room,Admin / Cafeteria,Old Café Dining Room,38AUDA25A0A6A0A0A0,FALSE,2218P38065,1/1/2018,R410A,16X25,20,Air to Air,,4,13lbs x2
54B,Bricking Stand Bottom,LMF,Bricking Stand Bottom,CSV180A4E1AAA0D,FALSE,22324,,410A,16x25,20,,,6,
100,Tunnel Furnace North Dr.,Hot Mill,Tunnel Furnace North Dr.,TCV240AFC3ACFTS,TRUE,233411517,5/15/2024,R410A,20X20,20,Package Unit,,8,196
266,Pickle Line Exit MCC SOUTH AHU,Pickle Line,Pickle Line Exit MCC SOUTH AHU,40RUSA25A5A6-0A0A0,FALSE,3219U03575,11/28/2019,,20X20,20,AHU,,8,
093,VTD Pumphouse #1,Degasser,VTD Pumphouse #1,40RUSA25A5A6AOAOAO,FALSE,3612U41312,,,20x20,20,Chilled Water Fan Coil,,8,
095,VTD Pumphouse #3,Degasser,VTD Pumphouse #3,40RUSA25A5A6AOAOAO,FALSE,3612U41315,,,20x20,20,Chilled Water Fan Coil,,8,
094,VTD Pumphouse #2,Degasser,VTD Pumphouse #2,40RUSA25A5A6AOAOAO,FALSE,3612U41315,,,20x20,20,Chilled Water Fan Coil,,8,
208,RT Basement #1,Cold Mill,RT Basement #1,50BRN02461,FALSE,4298B25604,,R22,16x20,20,Water Source,,8,8.8/8.8/7.7LB
009,EAF MCC 2,Melt Shop,EAF MCC 2,50BRN0246,FALSE,5097B37893,,R22,16x20,20,Water Source,,8,8.8/8.8/7.7lb
218,Batch Annelaing,Cold Mill,Batch Annelaing,CSV240B4M1VAAAAOA-A,FALSE,5CEM32340000,1/1/2017,R410A,24x24,20,Water Source,,4,"""22X2,20X2LB"""
041,Electric Rm.,LMF,Electric Rm.,ACVUX4XC240CLXX1S,FALSE,OAF1HO71R407C,,R407C,16x20,20,Water Source,,8,15.8LB
103,Hot Mill Stand Electric Rm.,Hot Mill,Hot Mill Stand Electric Rm.,ACVUX4XB240CLXXXK1S,FALSE,OFBBA08FR407C,,R407C,20X20,20,Water Source,,6,10.1 LB
097,VTD Lab,Degasser,VTD Lab,,FALSE,,,,16x25,15,Chilled Water Fan Coil,,8,
201,Cold Mill Office,Cold Mill,Cold Mill Office,38AUZA16A0A6A0A0A0,FALSE,0222P30390,4/14/2022,R410A,24X24,15,Mini Split,,8,15 LB
436,Cold Mill Waste Water MCC,MS Outer Bldgs,Cold Mill Waste Water MCC,50BRN01266,FALSE,0997B47816,,R22,24X24,15,Water Source,,3,9.5/9.7LB
509,Café Sitting Room,Admin / Cafeteria,Café Sitting Room,38AKS016611,FALSE,1198F30764,,R22,16x20,15,Air to Air,,8,20 LBS
224,RT Electric West,Cold Mill,RT Electric West,50TM016611YA,FALSE,2209410698,,R22,24x24,15,Package,,4,19.5/13.5LB
867,CM 2 GALV 2 INSPECTION ROOM,CM 2,CM 2 INSPECTION ROOM,ECC180A4E0A0D0700000000000000000000000000000,FALSE,23311689JA,2/1/2024,R410A,20x25x1,15,Air To Air,,6,14.6
508,Sales Building Top Floor,Admin / Cafeteria,Sales Building Top Floor,38AKS016621,FALSE,2507G300S0,,R22,12x12 16x20,15,Air to Air,,0,27LB
084,Caster Drive New Edition,Caster,Caster Drive New Edition,50BA016640,FALSE,2694V90629,,R22,16x20 20x20,15,Water Source,,0,25LBS
507,Sales Building Bottom Floor,Admin / Cafeteria,Sales Building Bottom Floor,38AKS016621,FALSE,2907G20092,,R22,12x12 16x20,15,Air to Air,,0,25LB
107,Hot Mill Stand Computer Rm.,Hot Mill,Hot Mill Stand Computer Rm.,EC181-4VTC-FBTBUA,TRUE,2940-819-000001,1/1/2018,R410A,20X20,15,Water Source,,4,122ozs x 2
063,Caster Locker Rm.,Caster,Caster Locker Rm.,UH127WASM,FALSE,334458001,,R22,20x20,15,Water Source,,6,11/11LB
484,Air Compressor Room Baghouse,Outer Bldgs,Air Compressor Room Baghouse,38AUZA16A0A6A0A0A0,FALSE,5221P30022,3/16/2022,R410A,24X24,15,Air to Air,,3,26 LB
455,Flux Feed MCC East,MS Outer Bldgs,Flux Feed MCC East,TCH180B400HB,FALSE,526100595D,,R22,20X20 24X24,15,Package,,0,27 LBS
066,Caster MCC 1 Bottom Floor,Caster,Caster MCC 1 Bottom Floor,CSV180B4M1VAAAA0A-A,FALSE,5DGM0311560000,4/15/2021,R410A,16X20,15,Water Source,,6,8.69/9.12
089,Degasser Truck Dump,Degasser,Degasser Truck Dump,SVWC15SCHDE,FALSE,HDE6086,,R407C,16x25,15,Water Source,,6,8LBS X 2
015,EAF 1 Pulpit,Melt Shop,EAF 1 Pulpit,ACHHX4XB18OCLXXK1S,FALSE,OFAEI09DR407C,,R407C,20x20 24x24,15,Water Source,,0,10.23LB
008,EAF Pulpit 2,Melt Shop,EAF Pulpit 2,ACHHX4XB18OCLXXK1S,FALSE,OFAHH09ER407C,,R407C,20x20 24x24,15,Water Source,,0,22LB
308,604 Cab,Overhead Cranes,Melt Shop,CA2.5SPW-OD-71-H3,FALSE,SD02360-C,,R124,16x20,15,Air to Air,,1,18LBS
311,605 Cab,Overhead Cranes,Melt Shop,CAZ.5SPW-0D-71-H3,FALSE,SD02415-C,,R124,16x20,15,Air to Air,,1,18LBS
826,ZINC POT BASEMENT MCC #3,CM 2,,GEHE18047H0RLD01,FALSE,W21B01345,1/1/2022,R410A,20X25,15,Water Source,,4,126 OZ
825,ZINC POT BASEMENT MCC #2,CM 2,,GEHE18047H0RLD01,FALSE,W21B01347,1/1/2022,R410A,20X25,15,Water Source,,4,126 OZ
824,ZINC POT BASEMENT MCC #1,CM 2,,GEHE18047H0RLD01,FALSE,W21B01348,1/1/2022,R410A,20X25,15,Water Source,,4,126 OZ
827,ZINC POT BASEMENT MCC #4,CM 2,,GEHE18047H0RLD01,FALSE,W221B01346,1/1/2022,R410A,20X25,15,Water Source,,4,126 OZ
712,WASTE WATER MCC,CM 2,WASTE WATER MCC,TSC120H4ROA,FALSE,,1/1/2018,R410A,16x20,10,Air to Air,,2,5.6/4.4
713,WASTE WATER MCC,CM 2,WASTE WATER MCC,TSC120H4ROA,FALSE,,1/1/2018,R410A,16x20,10,Air to Air,,2,5.6/4.4
091,VTD Conference Rm.,Degasser,VTD Conference Rm.,,FALSE,,,,16x20,10,Chilled Water Fan Coil,,6,
300,601 Cab,Overhead Cranes,Shipping Bay,,FALSE,,,R22,washable,10,Window Unit,,0,10.8OZ
122,HX,Hot Mill,HX,50BT012620,FALSE,0692F85010,,R22,20X20,10,Water Source,,2,10 LBS
790,CM 2 Crane 813 Cab,CM 2,Galv 2,TX2-H-34-460V,FALSE,10096061,12/31/2020,R410A,Washable,10,Air To Air,,1,5 lbs
800,CM 2 Crane 817 Cab,CM 2,,TX2-H-34-460V,FALSE,10096089,12/31/2020,R134A,Washable,10,Air To Air,,1,5 lbs
839,CM2 Crane 818 Cab Unit,CM 2,Galv 2,TX2-H-34-460V,FALSE,1009609,10/1/2022,R410A,Washable,10,Air To Air,,1,5 lbs
797,CM 2 Crane 816 Cab,CM 2,Galv Line,TX2-H-34-460V,FALSE,10096092,12/31/2020,R134A,Washable,10,Air To Air,,1,5 lbs
125,FX,Hot Mill,FX,50BT012620,FALSE,1192F90389,,R22,16X20,10,Water Source,,2,10 LB
709,4 HIGH DRIVE RM,CM 2,4 HIGH DRIVE RM,TSC120H4ROA,FALSE,182912842L,1/1/2018,R410A,20x25,10,Air to Air,,4,5.6/4.4
716,6 HIGH DRIVE RM,CM 2,6 HIGH DRIVE RM,TSC120H4R0A,FALSE,182912886L,1/1/2018,R410A,20x25,10,Air to Air,,4,5.6/4.4
717,6 HIGH DRIVE RM,CM 2,6 HIGH DRIVE RM,TSC120H4R0A,FALSE,183014497L,1/1/2018,R410A,20x25,10,Air to Air,,4,5.6/4.4
708,4 HIGH DRIVE RM,CM 2,4 HIGH DRIVE RM,TSC120H4ROA,FALSE,183014543L,1/1/2018,R410A,20x25,10,Air to Air,,4,5.6/4.4
037,Pulpit 1&2,LMF,Pulpit 1&2,TCH120AFC3ACLSS,FALSE,191210419,5/17/2019,R410A,20x20,10,Water Source,,2,80 oz per circuit
052,Preheater Pulpit,LMF,Preheater Pulpit,TCV120AFC3ACFTS,FALSE,193210454,9/11/2020,R410A,20x20,10,Water Source,,4,
036,Melters Office,LMF,Melters Office,50BRN01261,FALSE,2198B43176,,R427,24x24,10,Water Source,,2,4.4/4.4LB
417,North Baghouse MCC,MS Outer Bldgs,North Baghouse MCC,50BT012620,FALSE,2293F52385,,R22,24X24,10,Water Source,,2,10 LB
043,MCC 3,LMF,MCC 3,50BT012620,FALSE,2394V90499,,R22,24x24 12x12,10,Water Source,,0,10LB
057,Skybox MCC,Caster,Skybox MCC,40RUSA12A2A6A0A0A0,FALSE,2413U23729,,,16x20,10,Chilled Water Fan Coil,,4,
57B,Skybox MCC,Caster,Skybox MCC,40RUSA12A2A6A0A0A0,FALSE,2413U23733,,,16x20,10,Chilled Water Fan Coil,,4,
524,Admin Bldg #2,Admin / Cafeteria,Admin Bldg #2,38AE012601,FALSE,2791F67518,,R22,16x20,10,Air to Air,,6,20 LBS
525,Admin Bldg #3,Admin / Cafeteria,Admin Bldg #3,38AE012600,FALSE,2791F67519,,R22,16x20,10,Air to Air,,8,20 LBS
331,620 Gantry,Overhead Cranes,Hot Mill,L27,FALSE,30A0180148,,R134A,,10,Air to Air,,0,35
090,VTD PULPIT,Degasser,VTD PULPIT,40RUSA12A1A6A0A0A0,FALSE,3312U37171,,,16x20,10,Chilled Water Fan Coil,,6,
515,Eng Bldg #5,Admin / Cafeteria,Eng Bldg #5,38AE012600DL,FALSE,3491F70663,,R22,16x20,10,Air to Air,,6,18 LB
511,Eng Bldg #1,Admin / Cafeteria,Eng Bldg #1,38AE012600,FALSE,3491F70664,,R22,16x25,10,Air to Air,,4,18 LBS
416,South Baghouse MCC,MS Outer Bldgs,South Baghouse MCC,50VQA120FMC601DA,FALSE,4093V08007,,R22,24X24,10,Water Source,,2,144 OZ
502,Café Kitchen Area,Admin / Cafeteria,Café Kitchen Area,38AUZA12A0A6A0A0AO,FALSE,4922C11029,4/12/2023,R-410A,16x25,10,Split System,,4,18 LBS
004,Melt Shop Office,Melt Shop,Melt Shop Office,38AUZA12A0A6A0A0A0,FALSE,4922C11045,4/18/2024,R-410A,24x24,10,Split,,2,
529,Old Café Kitchen Area,Admin / Cafeteria,Old Café Kitchen Area,38AE014600,FALSE,4990F42569,,R22,24x24,10,Air to Air,,2,20LB
200,Office Locker Rm.,Cold Mill,Office Locker Rm.,38AKS012601,FALSE,5096G00081,,R22,12x12,10,Air to Air,,2,12 LB
454,Flux Feed MCC West,MS Outer Bldgs,Flux Feed MCC West,TSC120A4EGA00SP,FALSE,532101984L,,R22,20X20,10,Package,,7,12.5 LBS
050,LADLE CAR,LMF,LADLE CAR,CSV120B4M1VAAAA0A-A,FALSE,5DFM 014473 0000,10/31/2019,R410,24x24,10,Water Source,,3,Circuit 1: 6.12lbs Circuit 2: 6.25lbs
016,EAF 1 MCC,Melt Shop,EAF 1 MCC,CVS120B4M1VAAAA,FALSE,5DFN0144710000,,R410A,16X20,10,Water Source,,6,6.12/6.25
756,801 Cab Unit,CM 2,Annealing,336345V-0,FALSE,62247,12/21/2020,R134A,12x24,10,,,1,
518,Main Mill Computer Room,Admin / Cafeteria,Main Mill Computer Room,VH125AUAAEL,TRUE,732991001,,R22,20x20,10,Air to Air,,4,18LBS X 2
505,Café Sitting Room Addison,Admin / Cafeteria,Café Sitting Room Addison,RCA1414E,FALSE,9.80205E+11,,R22,24x24,10,Air to Air,,2,15 LBS
785,Coater Lower,Nucor Coating,,LCAB-GO-C1-4-0.0-RDTC,FALSE,A3131-01,12/29/2020,R410A,,10,,,0,9.5/9.5
786,Coater Upper,Nucor Coating,Nucor Upper,LCAB120-GO-C1-4-0.0-RDTC,FALSE,A3131-02,12/29/2020,R410A,,10,,,0,9.5/9.5
143,Exit Guage House inside,Hot Mill,Exit Guage House inside,CU120A46A1A,FALSE,KGMP000505,,R22,24x24,10,Water Source,,2,5.13LB X2
146,Exit Guage House outside,Hot Mill,Exit Guage House outside,CU120A46A1A,FALSE,KGMP000507,,CONVERTED TO R427A BY JM ON 08.23.23 PREVIOUS R22,20x20,10,Water Source,,4,5.13LB X2
474A,Door 4 Shop,Outer Bldgs,Old HVAC Shop,ZF120C00B4A1AAA1A1,FALSE,N1E6648864,,R22,20x25,10,Air to Air,,3,
510,COMPTROLLER PACKAGE UNIT,Admin / Cafeteria,COMPTROLLER PACKAGE UNIT,ZF120C00D4A1AAA1A1,TRUE,N1L6088207,1/1/2017,R410A,20x20,10,Package,,6,9.7LB
851,NUCOR COATING 902 CRANE,Nucor Coating,CRANES,CC02-34-460/60,FALSE,SN02-90010067,2/21/2023,R134A,12X24,10,Cabinet Cooler,,1,4.2
852,NUCOR COATING 903 CRANE,Nucor Coating,CRANES,CC02-34-460/60,FALSE,SN02-90010068,2/21/2023,R134A,12X24,10,Cabinet Cooler,,1,4.2
055,Skybox Elec. Maint,Caster,Skybox Elec. Maint,TCV120AFC3ACBTS,FALSE,W11312918,1/1/2018,R410A,20x20,10,Water Source,,4,80ozs x2
106,Hot Mill Stand Pulpit,Hot Mill,Hot Mill Stand Pulpit,TCV120AFC3ACBTS,FALSE,W1312917,1/1/2018,R410A,20X20,10,Water Source,,4,80oz x2
117,Coiler Pulpit,Hot Mill,Coiler Pulpit,TCV120AFC3ACBTS,FALSE,W131296,1/1/2018,R410A,16X20,10,Water Source,,2,80oz x2
776,WS MCC 1,CM 2,Galv Line 2,TSC102HHURGA26A0000000000000,FALSE,213311647L,12/28/2020,R410A,16x20,8.5,Air To Air,,6,
777,WS MCC 2,CM 2,Galv Line 2,TSC102H4RGA26A000000000000,FALSE,213311749L,12/28/2020,R410A,16x20,8.5,Air To Air,,6,
499,Admin Roof Top Unit,Admin / Cafeteria,Admin Roof Top Unit,50FC-M08A2A6A0A0A0,FALSE,0323P31708,5/13/2023,R410A,20x20,8,Package,,2,13.2 LBS
497,Weight Room,Admin / Cafeteria,Weight Room,38AFC008610,FALSE,0392G66225,,R22,24x24,8,Air to Air,,2,10 LBS
003,Melt Shop Office,Melt Shop,Melt Shop Office,38AHZA08A0A6A6A0A0A0,FALSE,0511G40061,,R410A,16x25,8,Split,,4,15LB
493,New Shipping Locker Room,Outer Bldgs,New Shipping Locker Room,38AUZA08A0A6A0A0A0,FALSE,1214C91760,,R410A,24x24,8,SPLIT,,3,
002,Conference Rm.,Melt Shop,Conference Rm.,50TJ008611,FALSE,1895G30563,,R22,16x20,8,Package,,4,9.7LB
065,Caster Workshop,Caster,Caster Workshop,TVC096AFC3ACFTS,FALSE,194810456,,R410,24x24,8,Water Source,,2,5.5LB
448,Shipping Office East,MS Outer Bldgs,Shipping Office East,30AUZA08A0G6A0A0A0,FALSE,2809G40193,,R410A,16X25,8,Air to Air,,4,10LB
513,Eng Bldg #3,Admin / Cafeteria,Eng Bldg #3,38BA0008630,FALSE,2991G10162,,R22,16x25,8,Air to Air,,4,12 LBS
526,Admin Bldg #4,Admin / Cafeteria,Admin Bldg #4,38AFC008610,FALSE,3091X03349,,R22,16x25,8,Air to Air,,4,15LBS
495,New Gym Unit,Admin / Cafeteria,New Gym Unit,50TC-D12A2A6A0A0A0,FALSE,3111G40595,,R410A,20x20,8,Package,,4,"10.2lbs,10.3lbs"
403,Static Var South Sub,MS Outer Bldgs,Static Var South Sub,30BA008360,FALSE,3691G24255,,R22,16X20,8,Air to Air,,4,12LB
409,North Main Sub,MS Outer Bldgs,North Main Sub,38BA008360,FALSE,3691G49430,,R22,24X24,8,Split,,2,12 LB
445,Melt Shop SVC Pump Skid,MS Outer Bldgs,Melt Shop SVC Pump Skid,TTA090A400FA,FALSE,84153RJAD,,R22,24X24,8,Air to Air,,2,20LBS
682,COLDMILL #2 Confrence rm,CM 2,COLDMILL #2 Confrence rm,38ARZ008---601--,FALSE,0706G40112,1/1/2017,R22,24x24,7.5,Air to Air,,2,30lbs
683,Coldmill#2 Locker Rm,CM 2,Coldmill#2 Locker Rm,38ARZ2008-601,FALSE,1108G30102,1/1/2017,R22,24x24,7.5,Air to Air,,1,25lbs
684,COLDMILL#2 CLINIC,CM 2,COLDMILL#2 CLINIC,38AUQA08A0A6A0A0A0,FALSE,1817C91851,1/1/2017,R410A,20x25,7.5,Air to Air,,1,20lbs
737,CM2 Roll Mill North MCC,CM 2,Roll Mill N MCC,TSC090H4R0A02,FALSE,191413177L,11/26/2019,R410A,16X25,7.5,Package Unit,,4,
067,Caster Secondary Sub,Caster,Caster Secondary Sub,40RUSA08A2A6A0A0A0,FALSE,2013019545,,,20x25 12x12,7.5,Chilled Water Fan Coil,,0,
729,Galv line Office,CM 2,CM2 Galv line,ZR090E36R4A5AAA2A1,FALSE,N1D9853112,7/2/2019,R410A,16X20,7.5,Package Unit,,1,Cir 1 6lbs 12oz Cir 2 6lbs
692,CM#2 Annealing  MCC,CM 2,CM#2 Annealing  MCC,ZF090C00B4A1AAA1A1,FALSE,N1L719422,1/1/2018,R410A,16x25,7.5,Air to Air,,4,4lb 12ozs x2
701,4 HIGH PCR RM,CM 2,4 HIGH PCR RM,W72AA-C09XX4XXJ,FALSE,405C183535896-01,1/1/2018,R410A,16x20,6,Air to Air,,2,9
702,4 HIGH PCR RM,CM 2,4 HIGH PCR RM,W72AA-C09XX4XXJ,FALSE,405C183535896-02,1/1/2018,R410A,16x20,6,Air to Air,,2,9
703,4 HIGH PCR RM,CM 2,4 HIGH PCR RM,W72AA-C09XX4XXJ,FALSE,405C183535896-03,1/1/2018,R410A,16x20,6,Air to Air,,2,9
704,4 HIGH PCR RM,CM 2,4 HIGH PCR RM,W72AA-C09XX4XXJ,FALSE,405C183535896-04,1/1/2018,R410A,16x20,6,Air to Air,,2,9
705,4 HIGH PCR RM,CM 2,4 HIGH PCR RM,W72AA-C09XX4XXJ,FALSE,405C183535896-05,1/1/2018,R410A,16x20,6,Air to Air,,2,9
706,4 HIGH PCR RM,CM 2,4 HIGH PCR RM,W72AA-C09XX4XXJ,FALSE,405C183535896-06,1/1/2018,R410A,16x20,6,Air to Air,,2,9
718,6 HIGH PCR RM,CM 2,6 HIGH PCR RM,W72AA-C09XX4XXJ,FALSE,405C183535896-07,1/1/2018,R410A,16x20,6,Air to Air,,2,9
719,6 HIGH PCR RM,CM 2,6 HIGH PCR RM,W72AA-C09XX4XXJ,FALSE,405C183535896-08,1/1/2018,R410A,16x20,6,Air to Air,,2,9
720,6 HIGH PCR RM,CM 2,6 HIGH PCR RM,W72AA-C09XX4XXJ,FALSE,405C183535896-09,1/1/2018,R410A,16x20,6,Air to Air,,2,9
721,GIS BLDG,CM 2,GIS BLDG,W60AA-C09XX4XXJ,FALSE,,1/1/2018,R410A,16x20,5,Air to Air,,2,
722,GIS BLDG,CM 2,GIS BLDG,W60AA-C09XX4XXJ,FALSE,,1/1/2018,R410A,16x20,5,Air to Air,,2,
681,COLDMILL#2 LOBBY,CM 2,COLDMILL#2 LOBBY,38CK060661,FALSE,0295E12382,1/1/2017,R22,20x20,5,Air to Air,,1,7.5LBS
334,621 MCC SOUTH,Overhead Cranes,Port,47-1028-304,FALSE,05030971-3,,R22,16x20,5,Cabinet Cooler,,2,25 OZ
337,622 MCC SOUTH,Overhead Cranes,Port,47-1028-304,FALSE,05030972-3,,R22,16x20,5,Cabinet Cooler,,2,25 OZ
336,622 MCC NORTH,Overhead Cranes,Port,47-1028-304,FALSE,05030973-3,,R22,16x20,5,Cabinet Cooler,,2,25 OZ
333,621 MCC NORTH,Overhead Cranes,Port,47-1028-304,FALSE,05030974-3,,R22,16x20,5,Cabinet Cooler,,2,25 OZ
105,Hot Mill Stand Ice Machine,Hot Mill,Hot Mill Stand Ice Machine,ICE0500HW3,FALSE,07011280013973,,R404A,n/a,5,Ice Machine,,0,15 OZ
753,MS Server Room New Unit,Melt Shop,,24ACC460A300,TRUE,0720E22082,6/24/2020,R410A,20X20,5,Split System,,1,9.39LBS
101,Tunnel Furnace Shuttle A,Hot Mill,Tunnel Furnace Shuttle A,50TCA04A2A6A0AOAO,FALSE,0901G60115,,R410A,16x25,5,Package,,1,6.2 LB
491,Primary Sub 3 MEGA WATER,Outer Bldgs,Primary Sub 3 MEGA WATER,50TFQ006-A-611--,FALSE,0907G50531,,R22,24x24 12x12,5,Package,,0,8LBS
501,Café Ice Machine,Admin / Cafeteria,Café Ice Machine,ICE1406FA4,FALSE,1.01113E+13,,R404A,,5,Ice Machine,,0,60 OZ
005,Melt Shop Office,Melt Shop,Melt Shop Office,24ABB360A320,FALSE,1212E01147,,R410A,20x20,5,Split,,1,8.19LB
442,North Substation Dehumid.,MS Outer Bldgs,North Substation Dehumid.,1018110,FALSE,170002369,,R22,24X24,5,Dehumidifier,,2,5LB10 OZ
714,6 HIGH PLC RM,CM 2,6 HIGH PLC RM,EBC060A4E0A,FALSE,17111140PA,1/1/2018,R410A,20x20,5,Air to Air,,4,5
700,4 HIGH PLC RM,CM 2,4 HIGH PLC RM,EBC060A4E0A,FALSE,17172194PA,1/1/2018,R410A,20x20,5,Air to Air,,4,5
764,GIS 2,CM 2,Galv Line 2,EBC060A4E0A0000000000000,FALSE,17211496PA,12/28/2020,R410A,16X20,5,Air To Air,,4,
699,Admin IT Lower,CM 2,ADM IT,TCH060E40A1LA0B,TRUE,174610115L,1/1/2018,R410A,16x25,5,Air to Air,,4,16
443,South Substation Dehumid.,MS Outer Bldgs,South Substation Dehumid.,1018110,FALSE,177004476,,R22,24X24,5,Dehumidifier,,2,5LB10 OZ
240,Pickle Exit Dehumid,Cold Mill,Pickle Exit Dehumid,1018110,FALSE,177004956,,R22,24x24,5,Air to Air,,2,5LBS10OZ
253,Pickle Entry Dehumid,Cold Mill,Pickle Entry Dehumid,1018110,FALSE,182007645,,R22,24x24,5,Air to Air,,2,5LB10 OZ
252,Pickle Entry Dehumid,Cold Mill,Pickle Entry Dehumid,1018110,FALSE,182007647,,R22,24x24,5,Air to Air,,2,5LB10 OZ
476,Premier Electric Bldg. Dehumid,Outer Bldgs,Premier Electric Bldg. Dehumid,10270GRUS,FALSE,184003303,,R22,20x20,5,Dehumidifier,,1,20.6 OZ
477,Premier Electric Bldg. Dehumid,Outer Bldgs,Premier Electric Bldg. Dehumid,10270GRUS,FALSE,184003303,,R22,20x20,5,Dehumidifier,,1,5LB10 OZ
763,GIS 1,CM 2,Galv Line 2,EBC050A4UEA0000000000000,FALSE,19092016PA,12/28/2020,R410A,16x20,5,Air To Air,,4,
450,Shipping Office West,MS Outer Bldgs,Shipping Office West,4AC14B60-7A,FALSE,1916M14948,1/1/2017,R410A,20X20,5,Air to Air,,1,12LBS
007,EAF 2 Fluxing Pulpit,Melt Shop,EAF 2 Fluxing Pulpit,TCV060AGC30CLTS,FALSE,194710232,12/19/2019,R410A,16X25,5,Water Source,,2,5LBS 2OZ
014,EAF 1 Fluxing Pulpit,Melt Shop,EAF 1 Fluxing Pulpit,TCV060AGC30CLTS,FALSE,200210912,1/23/2020,R410A,16X25,5,Water Source,,2,74 OZ
326,616,Overhead Cranes,Hot Mill,G521216G050,FALSE,2002979-06-A,,R134A,,5,Air to Air,,0,38OZ
151,HOT MILL SPOT COOLER,Hot Mill,HOT MILL SPOT COOLER,TCV036AFC30CLTS,FALSE,201610554,,R410A,24X24,5,Water Source,,1,50 OZ
159,Roll Grind Control Rm. 2,Roll Shop,Roll Grind Control Rm. 2,38CKC060640,FALSE,2093E13995,,R22,20X20,5,Air to Air,,1,9LB 8 OZ
316,607 North,Overhead Cranes,Melt Shop,G521216G050,FALSE,21002376-07-A,5/11/2021,R134A,washable,5,Cabinet Cooler,,0,38oz
772,Exit MCC East 1,CM 2,Galv Line 2,EBC060AUE0B0000,FALSE,21122647PA,12/28/2020,R410A,16x20,5,Air To Air,,4,
773,Exit MCC West 1,CM 2,Galv Line 2,EBC060A4E0B0700000000000000,FALSE,21152700PA,12/28/2020,R410A,16x20,5,Air To Air,,4,
045,LMF Pulpit 3,LMF,LMF Pulpit 3,TCV060AFC30CLTS,FALSE,212110665,6/30/2021,R410A,16x25,5,Water Source,,2,82 oz
171,Hot Mill North Spot Cooler,Hot Mill,Hot Mill North Spot Cooler,TCV060AFC30CRT5,FALSE,212110666,8/18/2022,R-410A,16x25,5,Water Source,,2,82 oz
457,Day Bin MCC North,MS Outer Bldgs,Day Bin MCC,TCV060AFC30CRTS,FALSE,213211152,9/26/2022,R410A,16x25,5,Water Source,,2,4.2 lbs
457A,Day Bin MCC South,Melt Shop,Melt Shop,TCV060AFC30CLTS,FALSE,213411494,9/26/2022,R410A,16x25,5,Water Source,,2,4.2 lbs
838,Admin IT Upper,Admin / Cafeteria,CM2,TSC060G4R0A27,FALSE,222915460L,9/9/2022,R410A,16X25,5,Package Unit,,4,4.8 LBS
061,Caster Ice Machine,Caster,Caster Ice Machine,CIM0530HW5,FALSE,23021280012061,5/17/2023,R404A,,5,Water Source,,0,13oz
039,SMF Secondary Sub,LMF,SMF Secondary Sub,TCV060AFC30CCTS,FALSE,230710579,5/17/2023,R410A,16X25,5,Water Source,,2,82 OZ
217,Galv Line Ice Machine Middle,Cold Mill,Galv Line Ice Machine Middle,CIM0530HW5,FALSE,2401128001193,4/3/2024,R404A,,5,Ice Machine,,0,14 OZ
335,622 Cab,Overhead Cranes,Port,YHE243D,FALSE,2405B37771,,R22,washable,5,Window Unit,,0,49.4 OZ
158,Roll Grind Control Rm. 3,Roll Shop,Roll Grind Control Rm. 3,38CK060660,FALSE,2594E26010,,R22,20X20,5,Air to Air,,3,7.75 LB
527,Admin Bldg #5,Admin / Cafeteria,Admin Bldg #5,38CKC060620,FALSE,3398E2404,,R22,24x24,5,Air to Air,,6,12LB
498,Admin Building #7,Admin / Cafeteria,Admin Building #7,38CKC060620,FALSE,3398E24044,,R22,20x20,5,Air to Air,,1,12 LB
129,Hot Mill Leanto,Hot Mill,Hot Mill Leanto,50TJ006601,FALSE,3597G21528,,R22,20X20,5,Package,,1,5.8 LB
053,ARGON ROOM,LMF,ARGON ROOM,50VQA036LMC601,FALSE,3696V41058,,R22,16x25 24x24,5,Water Source,,0,6LB
406,Old Ambulance Bay at Mobile Maintenance,Outer Buildings,Mobile Maintenance,50ZP060311,FALSE,3805G12684,9/1/2022,R22,20x20,5,Package Unit,,1,7.5 lbs
102,Tunnel Furnace Shuttle B,Hot Mill,Tunnel Furnace Shuttle B,50FC-A04A2A6A0A0A0,FALSE,4223C05484,,R410A,16x25,5,Air To Air,,1,4.4 LB
811,Scrap Yard Radio Tower Room,Outer Buildings,Scrap Yard,W24AB-A05XX5XXJ,FALSE,434P203829283-02,1/12/2021,R-410,20x20,5,Package Unit,,1,68 ounces
202,Cold Mill Computer Rm.,Cold Mill,Cold Mill Computer Rm.,38CKC060670,TRUE,4603E09372,,R22,20x20,5,Air to Air,,1,8.3 LBS
243,LEAD MAN OFFICE LEAN TOO,Cold Mill,LEAD MAN OFFICE LEAN TOO,50FC-A06A2A6A0A0A0,FALSE,5022C05664,,R22,16x25,5,Split System,,2,7.9LBS
359,Tundish Gantry Crane 692,Overhead Cranes,Melt Shop,C12,FALSE,5036,,R134A,12X12,5,Air to Air,,8,9lbs
487,Premier Electric Bldg.,Outer Bldgs,Premier Electric Bldg.,TSC060A4E0A1Z000000000000,FALSE,540100239L,,R22,16x25,5,Package,,2,4.9 LBS
506,Café Walk In Freezer #2,Admin / Cafeteria,Café Walk In Freezer #2,FJALB200CFV001,FALSE,562700655,,R404A,,5,Air to Air,,0,8LB
853,Cm 2 process elec exit lab,CM 2,Exit Lab,CASRTU1-E.104-11-5T,FALSE,5993266,9/9/2023,R-410A,16X16X2,5,Air To Air,,8,14LB
431,Warehouse Ice Machine,MS Outer Bldgs,Warehouse Ice Machine,ICE0500FT2,FALSE,6.02128E+12,,R404A,,5,Ice Machine,,0,23 OZ
155,PM Shop Ice Machine,Hot Mill,PM Shop Ice Machine,ICE0500FA1,FALSE,B117031732,,R404A,,5,Ice Machine,,0,37 OZ
724,Pickle Line Exit Pulpit,CM 2,Pickle Line Exit Pulpit,AJ048XJSCH,FALSE,BMJMP3CW3001870,1/1/2018,R410A,WASHABLE,5,Mini Split,,0,8.38
500,Café Freezer #1,Admin / Cafeteria,Café Freezer #1,ESF3,FALSE,BSF310070010,,R134A,,5,Air to Air,,0,15.52 OZX3
504,Café Refrigerator #2,Admin / Cafeteria,Café Refrigerator #2,ESR2,FALSE,BSR204040024,,R134A,,5,Air to Air,,0,13.05 OZ
424,Truck Scale,MS Outer Bldgs,Truck Scale,RAC14360B21SA,FALSE,C2A3379584,,R410-A,20X20,5,Air to Air,,1,3 LB
440,Baghouse Workshop,MS Outer Bldgs,Baghouse Workshop,38CKC060670,FALSE,ELJS23955,,R22,24X24,5,Air to Air,,2,8.31 OZ
038,Ice Machine,LMF,Ice Machine,ICE0500FA1,FALSE,G117045602,,R404A,,5,Air to Air,,0,37 OZ
148,Tinsel Test lab,Hot Mill,Tinsel Test lab,SVWC5-41HD,FALSE,HD2285,,R22,20x20,5,Water Source,,2,7.8 LB
216,Galv Pulpit,Cold Mill,Galv Pulpit,GCV060BGC30CLTS,FALSE,J12780787,,R407C,20x20,5,Water Source,,2,74 OZ
490,Emergency Generator Room West Unit,Outer Bldgs,Emergency Generator Room West Unit,GCV060BFC30CLTS,FALSE,J14529958,,R22,16x25,5,Water Source,,2,74 OZ
489,Emergency Generator Room East Unit,Outer Bldgs,Emergency Generator Room East Unit,GCV060BFC30CLTS,FALSE,J14529959,,R22,16x25,5,Water Source,,2,74 OZ
868,CM 2 CGL LAB DOAS,CM 2,CGL LAB,CASRTU1-E.104-11-5T,FALSE,JOB 5993266,,,,5,,,0,
469,New Melt Shop Office,Melt Shop,New Melt Shop Office,GCV060BFC30CLTS,FALSE,K12766298,,R22,16x25,5,Water Source,,2,74 OZ
023,PM Shack,Melt Shop,PM Shack,GCV060BFC30CLTS,FALSE,K12766302,,R22,16x25,5,Water Source,,2,74 OZ
463,New Melt Shop Office,Melt Shop,New Melt Shop Office South,GCV060BFC30CLTS,FALSE,K13889343,,R22,16x25,5,Water Source,,2,74 OZ
465,New Melt Shop Office,Melt Shop,New Melt Shop Office,GCV060BFC30CLTS,FALSE,K14196578,,R22,16x25,5,Water Source,,2,74 OZ
468,New Melt Shop Office,Melt Shop,New Melt Shop Office,GCV060BFC30CLTS,FALSE,K14196580,,R22,16x25,5,Water Source,,2,74 OZ
467,New Melt Shop Office,Melt Shop,New Melt Shop Office,GCV060BFC30CLTS,FALSE,K14196581,,R22,16x25,5,Water Source,,2,74 OZ
464,New Melt Shop Office,Melt Shop,New Melt Shop Office North,GCV060BFC30CLTS,FALSE,K14196584,,R22,16x25,5,Water Source,,2,74 OZ
145,Exit Gaugehouse upstairs S,Hot Mill,Exit Gaugehouse upstairs S,GCV060BFC30CLTS,FALSE,L12351304,,R22,16x25,5,Water Source,,2,74oz
228,5-ton Spare Unit,Cold Mill,,GCV060BFC30CLTS,FALSE,L12657518,,R22,16x25,5,Water Source,,2,74 OZ
407,Middle MCC,MS Outer Bldgs,Middle MCC,CAS060UKD2,FALSE,L990679750,,R407C,"24X24, 20X20",5,Split,,0,150 OZ
219,GALV LINE ENTRY OPERATOR STATION,Cold Mill,GALV LINE ENTRY OPERATOR STATION,TCW060AFC30CLTS,FALSE,N13239111,,R410A,24X24,5,Water Source,,1,82 OZ
466,New Melt Shop Office,Melt Shop,New Melt Shop Office,TCV060AFC30CLTS,FALSE,N13239112,,R410A,16x25,5,Water Source,,2,82 OZ
707,4 HIGH PULPIT,CM 2,4 HIGH PULPIT,ZD-05E10B4A1AAA2A1,FALSE,N1A8442442,1/1/2018,R410A,16x20,5,Air to Air,,0,7
715,6 HIGH PULPIT,CM 2,6 HIGH PULPIT,ZD-05E10B4A1AAA2A1,FALSE,N1A8442443,1/1/2018,R410A,16x20 16x25,5,Air to Air,,0,7
723,PICKLE LINE ENTRY PULPIT,CM 2,PICKLE LINE ENTRY PULPIT,ZD-05E10B4A1AAA2A1,FALSE,N1A8442444,1/1/2018,R410A,16x20 16x25,5,Air to Air,,0,7
160,Pameni Control Room,Roll Shop,Pameni Control Room,H1RA060S46A,FALSE,NCHP20M820,,R22,20X20,5,Air to Air,,1,41OZ
059,Slidegate A Line,Caster,Slidegate A Line,EM0604VTN,FALSE,NF13827923,,R22,24x24,5,Water Source,,2,6.8LB
144,Exit Gaugehouse upstairs N,Hot Mill,Exit Gaugehouse upstairs N,TCV060AFC30CLTS,FALSE,R10916497,,R410A,16x25,5,Water Source,,2,82oz
222,Galv Line Lab North,Cold Mill,Galv Line Lab North,TCH06AHC3CRSS,FALSE,R13640482,,R410A,20x20,5,Water Source,,1,
341,627 Pickle Line Exit,Overhead Cranes,Pickle Line,CA2.5C-OD-51-H2,FALSE,SD02538-C,4/20/2022,R-134A,washable,5,Split System,,0,30
343,628 Pickle Line Entry,Overhead Cranes,Pickle Line,CA2.5C-OD-51-H2,FALSE,SD02563-C,5/29/2019,R134A,washable,5,Split System,,0,30 Lbs
030,Flux Feed North DRI,Melt Shop,Flux Feed North DRI,TCV060AFC30CLTS,FALSE,U11229914,,R410A,24x24,5,Water Source,,1,74OZ
031,Flux Feed South DRI,Melt Shop,Flux Feed South DRI,TCV060AFC30CLTS,FALSE,U11229916,,R410A,24x24,5,Water Source,,1,74OZ
60A,Caster Pulpit,Caster,Caster Pulpit,TCV060AFC30CRTS,FALSE,V13020546,1/1/2018,R410A,16x25,5,Water Source,,2,82oz
688,Old Pump House 5 ton,Water System,Old Pump House 5 ton,TCV060AFC30CRTS,FALSE,W11014588,1/1/2018,R410A,16x25,5,Water Source,,2,82oz
058,Slidegate B line,Caster,Slidegate B line,TCV060AFC30CRTS,FALSE,W13610781,2/20/2020,R410A,24x24,5,Water Source,,2,6.8LB
246,RT North Operator Station,Cold Mill,RT North Operator Station,GEVE06041G01B0TRD01010010000000000A,FALSE,W19E10734,7/25/2022,R-410A,24x24,5,Water Source,,1,68.5 Oz
001,N. Melt Shop Office,Melt Shop,N. Melt Shop Office,PCE4B6041A,FALSE,W1D7334866,1/1/2018,R410A,24x24,5,Package,,2,14lb 2oz
523,Admin Confrence Rm.,Admin / Cafeteria,Admin Confrence Rm.,YCS60B215A,FALSE,W1E8774972,1/1/2018,R410A,20X25 20X20,5,Air to Air,,0,5lbs 12ozs
006,Office Locker Rm.,Melt Shop,Office Locker Rm.,D6E7060A46A,FALSE,W1G4858940,3/1/2019,R410A,16X20,5,Package,,2,5LB15OZ
734,CM2 Galv Line Office,CM 2,Galv Line Office,THE60B41SA,FALSE,W1H809D612,7/2/2019,R410A,20X20,5,Split System,,1,
027,Melt Shop Lab West,Melt Shop,MELTSHOP Lab WEST,YLE60B225A,FALSE,W2A2870408,6/3/2022,R410A,24x30,5,Air To Air,,0,8lb 11 oz
028,Melt Shop Lab East,Melt Shop,Melt Shop Lab East,YCE60B21SA,FALSE,W2A2939800,6/3/2022,R410A,24x30,5,Air To Air,,0,8 lb 11 oz
408,Mobile Maintenance Office,MS Outer Bldgs,Mobile Maintenance Office,PHE4B602A,FALSE,W2G2734377,9/6/2022,R-410A,20X20,5,Package,,2,11 lbs 11 oz
60B,Caster Pulpit,Caster,Caster Pulpit,TCV060AFC30CRTS,FALSE,W491964,1/1/2018,R410A,16x25,5,Water Source,,2,82oz
514,Eng Bldg #4 SAFETY OFFICE,Admin / Cafeteria,Eng Bldg #4 SAFETY OFFICE,CA14NA042-A,FALSE,0422X32713,4/1/2022,R410A,20x20,4,Split System,,1,7 lbs 9 ozs
819,CM2 4 HI SWITCH GEAR,CM 2,COLD MILL,TSC048G3E0A0000,FALSE,212411950L,9/1/2021,R-410A,20X25,4,Air To Air,,6,3 LBS 8 OZ
820,CM2 6 HI SWITCH GEAR,CM 2,COLD MILL,TSC048G3E0A0000,FALSE,21241206L,9/1/2021,R-410A,20X25,4,Air To Air,,6,3 LBS 8 OZ
150,Shane Nichols Locker,Hot Mill,Shane Nichols Locker,50BT004-6,FALSE,2292F02158,,R22,24X24,4,Water Source,,2,7 LB
481,Engineering Trailer North Trailer East Unit,Outer Bldgs,Engineering Trailer North Trailer East Unit,WA423A10,FALSE,253K06223059702,,R22,16x20,4,Air to Air,,2,92OZ
480,Engineering Trailer North Trailer West Unit,Outer Bldgs,Engineering Trailer North Trailer West Unit,WA423A10,FALSE,253K06223983202,,R22,16x20,4,Air to Air,,2,92 OZ
172,VTD Lab West Mini Split,Degasser,VTD Lab,38MGRQ48E-301,FALSE,2821v18573,10/14/2022,R410a,Washable,4,Mini Split,,2,10.13 LBS
446,Roll Mill SVC New Unit,MS Outer Bldgs,Roll Mill SVC New Unit,38MGRQ48E-3,FALSE,4621V15378,4/18/2023,R410A,WASHABLE,4,Package,,0,18.3LBS
173,VTD Lab South Mini Split,Degasser,VTD Lab,38MGRQ48E-301,FALSE,4621v15050,10/13/2022,R410A,Washable,4,Mini Split,,2,10.13 LBS
221,Galv Line Lab Middle,Cold Mill,Galv Line Lab Middle,HWPH0443JRA,FALSE,9.8045E+11,,R22,20x20,4,Water Source,,1,3.25LB
157,Roll Grind Control Rm. 1,Roll Shop,Roll Grind Control Rm. 1,GSC10484AC,FALSE,912768806,,R407C,20X20,4,Air to Air,,1,150 OZ
048,Ladle Wall Office,LMF,Ladle Wall Office,GT0481VTN,FALSE,HD014749D,,R22,16x25,4,Water Source,,1,58 OZ
042,Melters Bathroom,LMF,Melters Bathroom,GT0484VTN,FALSE,HD015022,,R22,24x24,4,Water Source,,1,58 OZ
108,Hot Mill Maint,Hot Mill,Hot Mill Maint,GT0484VTN,FALSE,HD015024,,R22,24X24,4,Water Source,,1,58 OZ
110,Hot Mill Electrical Office on Roof,Hot Mill,Hot Mill Electrical Office on Roof,GT0484HZN,FALSE,HE016214,,R22,20X20,4,Water Source,,1,58 OZ
227,Galv Line exit Operator STATION,Cold Mill,Galv Line exit Operator STATION,CU048A06A1A,FALSE,KEMP000255,,R22,24x24,4,Water Source,,1,4.06 LBS
517,ISO Office,Admin / Cafeteria,ISO Office,YCS48B21SA,FALSE,W1E6577576,1/1/2017,R410A,20X20,4,Air to Air,,1,6 LBS
732,CM2 Galv Line Office,CM 2,Galv Line Office,THE48B41SA,FALSE,W1M8382010,7/2/2019,R410A,20X25,4,Split System,,1,
685,Mobile Maint. Breakroom,Mobile Maintenance,Mobile Maint. Breakroom,YHE48B22SB,FALSE,W282091185,9/2/2022,R-410A,20x20,4,Split System,,2,13 lb 3 oz
782,Exit Pulpit 1,CM 2,Galv Line 2,NXTMMX42A152AA,FALSE,02P0007265TJ65,12/28/2020,R410A,WASHABLE,3.5,Mini Split,,0,
783,Exit Pulpit 2,CM 2,Galv Line 2,TRUZA0421KA70NA,FALSE,0YU000587H1M53,12/28/2020,R410A,WASHABLE,3.5,Mini Split,,0,
747,CM2 Truck Scales,CM 2,,50VR-A42-30TP,FALSE,1419C25231,1/9/2020,R410A,20X20,3.5,Package Unit,,1,14.6 LBS
739,CM2 Guard Shack,CM 2,CM2 Guard Shack,50VR-A42-30TP,FALSE,1818C39701,9/26/2019,R410A,20X20,3.5,Package Unit,,1,
731,CM2 Galv Line Office,CM 2,CM2 Galv Line Office,THE42B41SA,FALSE,W18265241,9/2/2019,R410A,20X20,3.5,Split System,,1,12 LBS 7 OZ
597,Taylor 132,Mobile Maintenance,,,FALSE,,9/21/2020,R134A,,3,Off Road Equipment,,0,
596,Taylor 131,Mobile Maintenance,,,FALSE,,9/21/2020,R134A,,3,Off Road Equipment,,0,
673,Taylor 130,Mobile Maintenance,Taylor 130,,FALSE,,,R134A,,3,OFF,,0,2LBS 4oz
604,Taylor 129,Mobile Maintenance,Taylor 129,,FALSE,,,R134A,,3,OFF,,0,2LBS4OZ
603,Taylor 128,Mobile Maintenance,Taylor 128,,FALSE,,,R134A,,3,OFF,,0,2LBS4OZ
602,Taylor 127,Mobile Maintenance,Taylor 127,,FALSE,,,R134A,,3,OFF,,0,2LBS4OZ
601,Taylor 126,Mobile Maintenance,Taylor 126,,FALSE,,,R134A,,3,OFF,,0,2LBS4OZ
608,Taylor 125,Mobile Maintenance,Taylor 125,,FALSE,,,R134A,,3,OFF,,0,2LBS
606,Taylor 124,Mobile Maintenance,Taylor 124,,FALSE,,,R134A,,3,OFF,,0,2LBS4OZ
605,Taylor 123,Mobile Maintenance,Taylor 123,,FALSE,,,R134A,,3,OFF,,0,2LBS4OZ
600,Taylor 121,Mobile Maintenance,Taylor 121,,FALSE,,,R134A,,3,OFF,,0,2LBS4OZ
787,PLC Cabinet,Nucor Coating,,,FALSE,,12/29/2020,,,3,,,0,
788,PLC Cabinet,Nucor Coating,,,FALSE,,12/29/2020,,,3,,,0,
789,PLC Cabinet,Nucor Coating,,,FALSE,,12/29/2020,,,3,,,0,
598,Old Hyster Lift 368,Mobile Maintenance,,,FALSE,,9/21/2020,R134A,,3,Off Road Equipment,,0,
599,New Hyster Lift 401,Mobile Maintenance,,,FALSE,,9/21/2020,R134A,,3,Off Road Equipment,,0,
607,Komastu FRONT END LOADER,Mobile Maintenance,Komastu FRONT END LOADER,,FALSE,,,R134A,,3,OFF,,0,3LBS
808,CM 2 Crane 820 Cabinet Cooler,CM 2,,CC02-34-460/60,FALSE,,12/31/2020,R134A,12x24,3,Cabinet Cooler,,1,4.2 lbs
761,803 MCC North McLean,CM 2,Annealing,,FALSE,,12/21/2020,R134A,,3,,,0,
760,802 MCC South McLean,CM 2,Annealing,,FALSE,,12/21/2020,R134A,,3,,,0,
759,802 MCC North McLean,CM 2,Annealing,,FALSE,,12/21/2020,R134A,,3,,,0,
758,801 MCC South McLean,CM 2,Annealing,,FALSE,,12/21/2020,R134A,,3,,,0,
757,801 MCC North McLean,CM 2,Annealing,,FALSE,,12/21/2020,R134A,,3,,,0,
859,NEW MET LAB OFFICE 2 & 3,Outer Buildings,NEW MET LAB,38MGRQ36D-3,FALSE,0322V10371,,R410A,,3,Mini Split,,0,10.13
302,601 Cabinet S.,Overhead Cranes,Shipping Bay,CR43082602H,FALSE,070309944-2,,R22,washable,3,Cabinet Cooler,,0,21OZ
516,Eng Bldg Safety Conference Room,Admin / Cafeteria,Eng Bldg Safety Conference Room,GPC1336H41AA,FALSE,1007628786,,R410A,20X20,3,Package,,1,85 OZ
799,CM 2 Crane 816 Cabinet Cooler North,CM 2,,CC02-34-460/60,FALSE,10095961,12/31/2020,R134A,12x24,3,Cabinet Cooler,,1,4.2 lbs
795,CM 2 Crane 815 North Cabinet Cooler,CM 2,Galv 2,CC02-34-460/60,FALSE,10095962,12/31/2020,R134A,12x24,3,Cabinet Cooler,,1,4.2 lbs
802,CM 2 Crane 817 Cabinet Cooler South,CM 2,,CC02-34-460/60,FALSE,10095963,12/31/2020,R134A,12x24,3,Cabinet Cooler,,1,4.2 lbs
798,CM 2 Crane 816 Cabinet Cooler South,CM 2,,CC02-34-460/60,FALSE,10095963,12/31/2020,R134A,,3,Cabinet Cooler,,0,
804,CM 2 Crane 818 Cabinet Cooler,CM 2,Galv 2,CC02-34-460/60,FALSE,10095964,12/31/2020,R134A,12x24,3,Cabinet Cooler,,1,4.2 lbs
807,CM 2 Crane 820 Cabinet Cooler,CM 2,,CC02-34-460/60,FALSE,10095965,12/31/2020,R134A,12x24,3,Cabinet Cooler,,1,4.2 lbs
793,CM 2 Crane 814 Cabinet Cooler,CM 2,Galv 2,CC02-34-460/60,FALSE,10096094,12/31/2020,R134A,12x24,3,Cabinet Cooler,,1,4.2 lbs
796,CM 2 Crane 815 South Cabinet Cooler,CM 2,Galv Line,CC02-34-460/60,FALSE,10096095,12/31/2020,R134A,12x24,3,Cabinet Cooler,,1,4.2 lbs
805,CM 2 Crane 819 Cabinet Cooler North,CM 2,,CC02-34-460/60,FALSE,10096096,12/31/2020,R134A,12x24,3,Cabinet Cooler,,1,4.2 lbs
810,CM 2 Crane 821 Cabinet Cooler North,CM 2,,CC02-34-460/60,FALSE,10096097,12/31/2020,R134A,12x24,3,Cabinet Cooler,,1,4.2 lbs
835,Lean To Addition,Hot Mill,IT and Storage Room,50FC-B04A2A6A0A0A0,FALSE,1621C85437,1/24/2022,R410A,16x25,3,Air To Air,,2,7.5 OZ
736,CM2 Roll Mill South MCC,CM 2,Roll Mill S MCC,TSC036G4R0A02,FALSE,19101061L,11/25/2019,R410A,2-20X20  2-16X20,3,Package Unit,,0,
453,Flux Dump,MS Outer Bldgs,Flux Dump,TCH036E4REAINC001000000000000B0000000000,FALSE,1913155292,6/7/2022,R-410A,16X25,3,Package,,3,7.9 lb
069,Bathroom,Caster,Bathroom,TCV036AGC30CLTS,FALSE,194511642,12/18/2019,R410A,24X24,3,Water Source,,1,3 LBS 12 OZ
836,Scrap Bay 2 Pulpit,Melt Shop,Scrap Bay 2 Pulpit Melt Shop Outer Bldg,TCV036AGC30CCTS,FALSE,21310566,3/5/2022,R-410A,16x25x1,3,Water Source,,2,50 oz
479,Engineering Trailer South Trailer West Unit,Outer Bldgs,Engineering Trailer South Trailer West Unit,WA372A10,FALSE,225P05212901902,,R22,16x20,3,Air to Air,,2,66OZ
478,Engineering Trailer South Trailer East Unit,Outer Bldgs,Engineering Trailer South Trailer East Unit,WA372A10,FALSE,225P05212902402,,R22,16x20,3,Air to Air,,2,66OZ
318,611 EAST,Overhead Cranes,Hot Mill,Cr430826g002,FALSE,23007317-14-a,5/17/2023,R134A,,3,Cabinet Cooler,,0,25 OZ
319,611 WEST,Overhead Cranes,Hot Mill,CR430826G002,FALSE,23007318-14-A,5/12/2023,R134A,,3,Cabinet Cooler,,0,25 OZ
483,New Truck Guard Shack,Outer Bldgs,New Truck Guard Shack,50SZ036301TP,FALSE,2306G31342,,R22,16x25,3,Package,,1,10.9LB
494,New Shipping Locker Room,Outer Bldgs,New Shipping Locker Room,24ABB336A610,FALSE,2514E0331,,R410A,24x24,3,SPLIT,,2,
413,Mega Water Breakroom,MS Outer Bldgs,Mega Water Breakroom,50VT-C36-30TP,FALSE,2521F49686,8/20/2021,410A,20X20,3,Package,,2,8.85lbs
857,NEW MET LAB IT ROOM,CM 2,NEW MET LAB IT ROOM,38MARBQ36AA3,FALSE,2821V17649,,,,3,,,0,
512,Eng Bldg #2 Barry's Office,Admin / Cafeteria,Eng Bldg #2 Barry's Office,24ACC436A0030011,FALSE,2921E06505,4/1/2022,R-410A,16x25x1,3,Split System,,2,7 lbs
435,BAGHOUSE CEMS Room,MS Outer Bldgs,BAGHOUSE CEMS Room,WA036A10,FALSE,298K112831216,,R410A,16X20,3,Air to Air,,1,77 OZ
169,GRINDER #2 MCC CABINET COOLER,Roll Shop,GRINDER #2 MCC CABINET COOLER,IQ8000V16,FALSE,2A4642054,,R22,washable,3,Cabinet Cooler,,0,18OZ
164,GRINDER #3 MCC CABINET COOLER,Roll Shop,GRINDER #3 MCC CABINET COOLER,IQ8000V16,FALSE,2A4699063,,R22,washable,3,Cabinet Cooler,,0,18OZ
163,GRINDER #1 MCC CABINET COOLER,Roll Shop,GRINDER #1 MCC CABINET COOLER,IQ8000V16,FALSE,2A4789072,,R407C,washable,3,Cabinet Cooler,,0,18OZ
165,POMINI MCC CABINET COOLER,Roll Shop,POMINI MCC CABINET COOLER,IQ8000V16,FALSE,2A5702082,,R22,washable,3,Cabinet Cooler,,0,18OZ
419,Baghouse CEMS backup unit,MS Outer Bldgs,Baghouse CEMS backup unit,W36A2-A10,FALSE,309J163346138-02,,R410A,16X20,3,Air to Air,,1,77OZ
262,PICKLE LINE ENTRY PULPIT,Pickle Line,PICKLE LINE ENTRY PULPIT,W36AA-A)Z,FALSE,309K183582234-02,1/1/2018,R410A,16X25,3,Air to Air,,1,69 OZ
261,Pickle Line Exit Pulpit,Pickle Line,Pickle Line Exit Pulpit,W36AA-A)Z,FALSE,309K183582235-02,1/1/2018,R410A,16X25,3,Air to Air,,1,69OZ
342,628 Cabinet Unit,Overhead Cranes,Pickle Line,T43-0826-6150,FALSE,37013305-1,,R134A,,3,Cabinet Cooler,,0,36OZ
340,627 Cabinet Unit,Overhead Cranes,Pickle Line,T43-0826-6150,FALSE,37013306-1,,R134A,washable,3,Cabinet Cooler,,0,36OZ
317,609 TUNNEL FURNACE,Overhead Cranes,Hot Mill,KAC12P52T,FALSE,3E9412133,,R22,,3,Cabinet Cooler,,0,36OZ
725,WASTE WATER OFFICE,CM 2,WASTE WATER OFFICE,25HCE436A310,FALSE,4218E11374,1/1/2018,R410A,16x25,3,Air to Air,,1,8
677,COLDMILL OFFICE,Cold Mill,COLDMILL OFFICE,38MGRQ30D--3,FALSE,4416V10026,1/1/2017,R410A,washable,3,Mini Split,,0,
244,RT Ice Macine,Cold Mill,RT Ice Macine,ICE0250FT3,FALSE,603128001,,R404A,,3,Ice Machine,,0,16 oz
304,602 Cabinet S.,Overhead Cranes,Shipping Bay,CR430826002H,FALSE,60417863,,R22,washable,3,Cabinet Cooler,,0,21OZ
303,602 Cabinet N,Overhead Cranes,Shipping Bay,CR430826002H,FALSE,60417873,,R22,washable,3,Cabinet Cooler,,0,21OZ
301,601 Cabinet N.,Overhead Cranes,Shipping Bay,CR430826002H,FALSE,70117481,,R22,washable,3,Cabinet Cooler,,0,21OZ
749,CM2 Pickle Line,CM 2,PLC Room,MUZD36NA,FALSE,8002799T,6/18/2020,R410A,washable,3,Split System,,0,4LBS 10 OZ
750,CM2 Pickle Line,CM 2,PLC Room,MUZD36NA,FALSE,8002801T,6/18/2020,R410A,washable,3,Split System,,0,4LBS 10 OZ
321,612 WEST,Overhead Cranes,Hot Mill,CR43082602H,FALSE,80281081,,R22,,3,Cabinet Cooler,,0,21 OZ
320,612 EAST,Overhead Cranes,Hot Mill,CR43082602H,FALSE,80281082,,R22,,3,Cabinet Cooler,,0,21 OZ
792,CM 2 Crane 813 Cabinet Cooler,CM 2,Galv 2,CC02-34-460/60,FALSE,90010001,12/31/2020,R134A,12x24,3,Cabinet Cooler,,1,4.2 lbs
794,CM 2 Crane 814 Cabinet Cooler,CM 2,Galv 2,CC02-34-460/60,FALSE,90010004,12/31/2020,R134A,12x24,3,Cabinet Cooler,,1,4.2 lbs
809,CM 2 Crane 821 Cabinet Cooler South,CM 2,,CC02-34-460/60,FALSE,90010005,12/31/2020,R134A,12x24,3,Cabinet Cooler,,1,4.2 lbs
791,CM 2 Crane 813 Cabinet Cooler,CM 2,Galv 2,CC02-34-460/60,FALSE,9001006,12/31/2020,R134A,12x24,3,Cabinet Cooler,,1,4.2 lbs
803,CM 2 Crane 818 Cabinet Cooler,CM 2,Galv 2,CC02-34-460/60,FALSE,9001007,12/31/2020,R134A,12x24,3,Cabinet Cooler,,1,4.2 lbs
026,Melt Shop Office SERVER ROOM,Melt Shop,Melt Shop Office SERVER ROOM,GSC130361DE,TRUE,902002405,,R22,20x20,3,Air to Air,,1,119 OZ
496,Walk-in Cooler,Admin / Cafeteria,Walk-in Cooler,1HMA0075P01,FALSE,913150660P,,R22,,3,Walk In Cooler,,0,5LBS
010,Kelly's Locker,Melt Shop,Kelly's Locker,WPG0361AE,FALSE,9602K0132001,,R22,24x24,3,Water Source,,1,3.75LB
869,CM 2 EXIT LAB,CM 2,EXIT LAB,MUZ-GS36NA,FALSE,9700058,,,,3,Split System,,0,
072,Mold Segment Bathroom,Caster,Mold Segment Bathroom,HS030PSSSLBGCSA,FALSE,97G030651,,R22,20x20,3,Water Source,,1,44 OZ
711,Roll Shop Office,CM 2,Roll Shop Office,PAD3G0000L000C1,FALSE,C114139304,1/1/2018,R410A,24X24,3,Air to Air,,1,10
451,Shipping Bay East,MS Outer Bldgs,Shipping Bay East,PAF036L000E----,FALSE,G072021247,,R22,24X24,3,Package,,1,4.4LBS
492,SHIPPING BAY OFFICE,Outer Bldgs,SHIPPING BAY OFFICE,AAFC036L000E,FALSE,G072021247,,R22,24x24,3,Package,,1,4.4 LB
116,Colier Restroom,Hot Mill,Colier Restroom,EM0311VTN,FALSE,JF011819D,,R22,20X20,3,Water Source,,2,41 OZ
147,Entry Guagehouse,Hot Mill,Entry Guagehouse,EM0314VTN,FALSE,KC030898,,R22,20x20,3,Water Source,,1,41 OZ
248,3-ton Spare Unit,Cold Mill,,GCV036BFC30CLTS,FALSE,L12351273,,R22,24x24,3,Water Source,,1,42 OZ
421,Robert Chandler's Office,MS Outer Bldgs,Robert Chandler's Office,NAC030AKA4,FALSE,LO21510499,,R22,12X12,3,Air to Air,,2,81 OZ
330,618 S.,Overhead Cranes,Hot Mill,47-0926303E,FALSE,N/A,,R22,washable,3,Air to Air,,0,14OZ
329,618 N.,Overhead Cranes,Hot Mill,47-0926303E,FALSE,N/A,,R22,washable,3,Air to Air,,0,14OZ
325,614 WEST,Overhead Cranes,Hot Mill,CR430826G0024,FALSE,N/A,,R134A,,3,Cabinet Cooler,,0,36OZ
324,614 EAST,Overhead Cranes,Hot Mill,CR430826G0024,FALSE,N/A,,R134A,,3,Cabinet Cooler,,0,36OZ
323,613 WEST,Overhead Cranes,Hot Mill,CR430826G0024,FALSE,N/A,,R134A,,3,Cabinet Cooler,,0,36OZ
322,613 EAST,Overhead Cranes,Hot Mill,CR430826G0024,FALSE,N/A,,R134A,,3,Cabinet Cooler,,0,36OZ
482,Flux Dump Office Trailer,MS Outer Buildings,Outer Building,W36AB-10,FALSE,PAINTED,10/1/2022,R410A,12x30,3,Air To Air,,1,72 OZ
844,CM 2 5 WIDE OFFICE TRAILER UNIT 5,CM 2,Outer Building,W36AB-10,FALSE,PAINTED,9/1/2022,R410A,Washable,3,Air To Air,,1,72 OZ
843,CM 2 5 WIDE OFFICE TRAILER UNIT 4,CM 2,Outer Building,W36AB-10,FALSE,PAINTED,9/1/2022,R410A,Washable,3,Air To Air,,1,72 OZ
842,CM 2 5 WIDE OFFICE TRAILER UNIT 3,CM 2,Outer Building,W36AB-10,FALSE,PAINTED,9/1/2022,R410A,Washable,3,Air To Air,,1,72 OZ
841,CM 2 5 WIDE OFFICE TRAILER UNIT 2,CM 2,Outer Building,W36AB-10,FALSE,PAINTED,9/1/2022,R410A,Washable,3,Air To Air,,1,72 OZ
840,CM 2 5 WIDE OFFICE TRAILER UNIT 1,CM 2,Outer Building,W36AB-10,FALSE,Painted Over,9/1/2022,R410A,Washable,3,Air To Air,,0,
328,617 Scale Pit MCC,Overhead Cranes,Hot Mill,13393641001,FALSE,S14330635816,6/12/2020,R134A,,3,Cabinet Cooler,,0,31.7
690,632 Crane Cab,Cold Mill,632 Crane Cab,SCA1.5NI-OD-514-H1,FALSE,SC01042,1/1/2018,R134A,,3,Air to Air,,0,7lbs
801,CM 2 Crane 817 Cabinet Cooler North,CM 2,,CC02-34-460/60,FALSE,SN 02-90010002,12/31/2020,R134A,12x24,3,Cabinet Cooler,,1,4.2 lbs
806,CM 2 Crane 819 Cabinet Cooler South,CM 2,,CC02-34-460/60,FALSE,SN02-90010003,12/31/2020,R134A,12x24,3,Cabinet Cooler,,1,4.2 lbs
472,New Generator Switch Gear Room,Outer Bldgs,New Generator Switch Gear Room,GEVB03641R0100TL,FALSE,W07D23436,,R22,24x24,3,Water Source,,1,68 OZ
418,Main Guard Shack,MS Outer Bldgs,Main Guard Shack,PCE4A3621,FALSE,W11D8692787,1/1/2018,R410A,16X25,3,Package,,1,8lbs 3oz
689,Pickle Line Shear Operator,Cold Mill,Pickle Line Shear Operator,TCV036AFC30CLTS,FALSE,W12710782,1/1/2018,R410A,24x24,3,Water Source,,1,50oz
229,RT Upper Pulpit,Cold Mill,RT Upper Pulpit,TCV060AFC30CLTS,FALSE,W13119070,5/14/2019,R410A,24x24,3,Package Unit,,1,82 oz
735,CM2 Galv Line Office,CM 2,Galv Line Office,THE36B42SA,FALSE,W1B9610758,7/2/2019,R410A,16X25,3,Split System,,4,
740,Hot Mill Cool Room,Hot Mill,,TCD36B415A,FALSE,W1G7925277,2/13/2019,R410A,24X24,3,Split System,,1,4 Lbs 14OZ
693,CM#2 Annealing Pulpit,CM 2,CM#2 Annealing Pulpit,PCE4A3641A,FALSE,W1L7231542,1/1/2018,R410A,24x24,3,Air to Air,,1,8lbs 3ozs
691,CM#2 Annealing Office,CM 2,CM#2 Annealing Office,PCE4A3641A,FALSE,W1N7345193,1/1/2018,R410A,24x24,3,Air to Air,,1,8lbs 3ozs
034,DOOR 9 BREAKROOM NORTH (systems),Melt Shop,DOOR 9 BREAKROOM NORTH,YEE36B21SB,FALSE,W2C2151237,9/9/2022,R410A,20x20,3,Split System,,1,8 lbs 7 oz
429,Warehouse Restroom,MS Outer Bldgs,Warehouse Restroom,PAC036H1021A,FALSE,WFJM006102,,R22,20X20,3,Package,,1,4LB 4 OZ
780,Process Pulpit 1,CM 2,Galv Line 2,TRUZA0301HA70NA,FALSE,02U003037H1L70,12/28/2020,R410A,WASHABLE,2.5,Mini Split,,0,
522,Plant Manager,Admin / Cafeteria,Plant Manager,PH4GNAB30000--TP,FALSE,0421F46582,,R410A,20X20,2.5,Package,,1,9 LBS
781,Process Pulpit 2,CM 2,Galv Line 2,TRUZA0301HA70NA,FALSE,0YU00119781L76,12/28/2020,R410A,WASHABLE,2.5,Mini Split,,0,
170,Door 46,Shipping,Door 46,GSX13031BC,FALSE,1405156663,,R410A,20X20 12X12,2.5,Air to Air,,0,
400,SCRAP TRAILER,MS Outer Bldgs,SCRAP TRAILER,WA302A10,FALSE,225D05202728702,,R22,16X20,2.5,Air to Air,,2,77 OZ
149,Hot Mill Door 4 Break Room,Hot Mill,Hot Mill Door 4 Break Room,FX4DNF031,FALSE,2314A89585,,R410,20X20,2.5,Split,,1,5LBS
733,CM2 Galv Line Office,CM 2,Galv Line Office,THE48B41SA,FALSE,W1K8169357,7/2/2019,R410A,16X20,2.5,Split System,,1,
730,Galv Line Office,CM 2,CM2 Galv Line,THE30B41SA,FALSE,W1K8169361,7/2/2019,R410A,20X20,2.5,Split System,,1,7 LB 15 OZ
471,Port Break Room,Outer Bldgs,Port Break Room,PTEF1501HAA,FALSE,,1/1/2018,R410A,washable,2,PTAC,,0,36 oz
846,CM 2 High Bay Upper Connex Mini Splits,CM 2,Outer Building,,FALSE,,11/30/2022,R410A,,2,Mini Split,,0,
847,CM 2 High Bay Lower Connex Mini Split,CM 2,Outer Building,,FALSE,,11/30/2022,R410A,,2,Mini Split,,0,
035,Melt Shop Office Lab,Melt Shop,Melt Shop Office Lab,38MARBQ18AA301,FALSE,0122V19667,7/25/2022,R-410A,Washable,2,Mini Split,,1,65 oz
358,Crane 700 Cabinet Unit,Overhead Cranes,Melt Shop,CR430816002,FALSE,06014506-2,,R22,16x25,2,Air to Air,,8,19OZ
778,Entry Pulpit 1,CM 2,Galv Line 2,PUZ-A24NHA7,FALSE,0XU19804A,12/28/2020,R410A,WASHABLE,2,Mini Split,,0,
779,Entry Pulpit 2,CM 2,Galv Line 2,PUZ-A24NHA7,FALSE,0XU19808A,12/28/2020,R410A,WASHABLE,2,Mini Split,,0,
855,Cm2 Door 308 Maintenance office,CM 2,Cm2 Door 308 Maintenance office,MUZ-GL18NA,FALSE,1 006717 T,5/25/2023,R-410A,WASHABLE,2,Mini Split,,2,
444,Flux Dump WU,MS Outer Bldgs,Flux Dump WU,REG243H,FALSE,1.2659E+18,,R410A,washable,2,Window Unit,,0,31 OZ
458,East Guard Shack,MS Outer Bldgs,East Guard Shack,PTC153E50AXXXAA,FALSE,1007412181,1/1/2018,R410A,washable,2,PTAC,,0,36 OZ
046,1&2 MCC SERVER CABINET,LMF,1&2 MCC SERVER CABINET,ISCHC15523612XXXXX,TRUE,1028020013,,R422D,16x25,2,Cabinet Cooler,,1,38 OZ
230,SHIPPING BAY PULPIT,Cold Mill,SHIPPING BAY PULPIT,PTC153E50AXXXAA,FALSE,1103099633,,R410A,washable,2,PTAC,,0,36 OZ
456,WAL URSEY EAST PTAC WH UPSTAIRS,MS Outer Bldgs,WAL URSEY EAST PTAC WH UPSTAIRS,PTC153E50AXXXAA,FALSE,110399656,1/1/2018,R410A,washable,2,PTAC,,0,36 OZ
033,Melt Shop Maint Bat Cave,Melt Shop,Maintenance,PTC153E50AXXXA,FALSE,1107709172,,,,2,Ptac Unit,,0,
013,Ice Machine Crane Crew,Cold Mill,Crane Crew,ICE0500FT5,FALSE,12051280013035,,R404,,2,Ice Machine,,0,25 oz
075,Mold Segment North Office (PKG),Caster,Mold Segment North Office (PKG),PRAC1424P-1A,FALSE,1615G16170,,R410A,20x20,2,Package,,1,70 OZ
238,Pickeline Entry Bathroom,Cold Mill,Pickeline Entry Bathroom,52SEC314301AA,FALSE,1697E63612,1/1/2017,R22,washable,2,PTAC,,0,35 OZ
710,Roll Shop Office,CM 2,Roll Shop Office,PTC153G50AXXX,FALSE,1806001620,1/1/2018,R410A,washable,2,PTAC,,0,
754,6 High Breakroom,CM 2,,38MHRBQ24AA3,FALSE,1820V10424,10/13/2020,R410A,washable,2,Mini Split,,0,3.97
755,Torch Robot,Hot Mill,,G280646G050,FALSE,19026214-41-A,10/4/2020,R134A,washable,2,Cabinet Cooler,,0,16 OZ
346,633 West,Overhead Cranes,Cold Mill,G520816G050,FALSE,19030419-47-A,5/6/2020,R134A,washable,2,Cabinet Cooler,,0,24OZ
351,635 West,Overhead Cranes,Cold Mill,G520816G050,FALSE,19030420-47-A,4/23/2020,R134A,Washable,2,Cabinet Cooler,,1,24OZ
113,Breakroom SOUTH UNIT,Hot Mill,Breakroom SOUTH UNIT,PTC153G50AXXXBA,FALSE,1907259190,,R410,washable,2,PTAC,,0,25OZ
086,MOLD SEGMENT WEST PULPIT PTAC,Caster,MOLD SEGMENT WEST PULPIT PTAC,PTC153G50AXXXBA,FALSE,1907259191,,R410A,washable,2,PTAC,,0,25.0
079,Caster Supervisor's Office,Caster,Caster Supervisor's Office,PTC153G50AXXXBA,FALSE,1907259195,,R410A,washable,2,PTAC,,0,25OZ
503,Café Make Up Table,Admin / Cafeteria,Café Make Up Table,SR4812,FALSE,19601095,,R22,,2,Air to Air,,0,15OZ
025,MELT SHOP Lab Dust Collector,Melt Shop,MELT SHOP Lab Dust Collector,135SQNH135SONHP,FALSE,2.23895E+18,,,20x20,2,Fresh Air,,1,
349,634 West,Overhead Cranes,Cold Mill,G520816G050,FALSE,20000513-02-A,4/23/2020,R134A,Washable,2,Cabinet Cooler,,1,24OZ
347,633 East,Overhead Cranes,Cold Mill,G520816G050,FALSE,20000514-02-A,5/6/2020,R134a,washable,2,Cabinet Cooler,,0,24OZ
350,635 East,Overhead Cranes,Cold Mill,G520816G050,FALSE,20000515-02-A,4/23/2020,R134A,Washable,2,Cabinet Cooler,,1,24OZ
348,634 East,Overhead Cranes,Cold Mill,G520816G050,FALSE,20000516-02-A,4/23/2020,R134A,Washable,2,Cabinet Cooler,,1,24 OZ
019,Grinder #3,Roll Shop,,G572046G060,FALSE,20012049-20-A,6/3/2020,R407C,washable,2,Cabinet Cooler,,0,48OZ
344,632 East,Overhead Cranes,Cold Mill,G520816G050,FALSE,21011196-21-A,12/7/2021,R134A,16x20,2,Cabinet Cooler,,1,20OZ
356,679 East,Overhead Cranes,Cold Mill,G520816G050,FALSE,21011203-21-A,12/7/2021,R134A,16x20,2,Cabinet Cooler,,1,20OZ
357,679 West,Overhead Cranes,Cold Mill,g520816g050,FALSE,21011204-21-a,12/7/2021,R134A,16x20,2,Cabinet Cooler,,1,20OZ
345,632 West,Overhead Cranes,Cold Mill,G520816G050,FALSE,2101195-21-A,12/7/2021,R134A,16x20,2,Cabinet Cooler,,1,20OZ
428,North Rail Scale,MS Outer Bldgs,North Rail Scale,PTC153G50AXXXXGA,FALSE,2103206158,9/9/2021,R410-A,washable,2,PTAC,,0,23.2 OZ
426,East Motion Scale,MS Outer Bldgs,East Motion Scale,PTC153G50AXXXGA,FALSE,210842536,,R410A,washable,2,PTAC,,0,27.5 OZ
434,Elec.Mait.shop,MS Outer Bldgs,Elec.Mait.shop,PTC153G50AAXXXGA,FALSE,2108434787,,R410A,washable,2,PTAC,,0,23.2 OZ
694,CM#2 Pickle line Lab,CM 2,CM#2 Pickle line Lab,38MAQB18R--301,FALSE,2118V17571,1/1/2018,R410A,washable,2,Mini Split,,0,4lbs 5ozs
822,TAPPING PULPIT #1,Melt Shop,,TVC024HFC30CPTS,FALSE,215010145,12/29/2021,R410A,20X20,2,Water Source,,1,40 oz
823,TAPPING PULPIT #2,Melt Shop,,TCV036AFC30PTS,FALSE,233311523,3/6/2024,R410A,20X20,2,Water Source,,1,50 OZ
528,Admin Bldg #6,Admin / Cafeteria,Admin Bldg #6,38CKC024330,FALSE,2998E12339,,R22,20x20,2,Air to Air,,4,5LB
427,NORTH SHIPPING LAYDOWN YARD,MS Outer Bldgs,NORTH SHIPPING LAYDOWN YARD,2KR22ABOSS,FALSE,2KR5446,,R407C,washable,2,Window Unit,,0,2LB 13 OZ
35B,Tapping Pulpit,Melt Shop,Tapping Pulpit,2KR16WB4G-R,FALSE,2KR5962,,R407C,,2,Water Source,,0,2lbs
35C,Tapping Pulpit,Melt Shop,Tapping Pulpit,2KR16WB4G-R,FALSE,2KR5963,,R407C,,2,Water Source,,0,2lbs
745,Warehouse Top Connex,CM 2,,W24MZDC00,FALSE,316F193658911-02,8/1/2019,R410A,16X20,2,Air To Air,,2,80OZ
746,Warehouse Bottom Connex,CM 2,,W24MZDC00,FALSE,316F193658912-02,8/1/2019,R410A,16X20,2,Air To Air,,2,80OZ
530,Nucor Credit Union,Admin / Cafeteria,Cafeteria,38HMRC018AA3,FALSE,3221V20722,9/13/2022,R410a,Washable,2,Mini Split,,1,4 LBS 8 OZ
848,CM2 SHIPPING BAY SHACK,CM 2,CM2 SHIPPING BAY,SA33108,FALSE,340A506400205070120118,12/9/2022,R410A,Washable,2,Mini Split,,1,4.2 lbs
845,CM2 Electrical Office in High Bay,CM 2,Outer Building,,FALSE,340C91621021311,11/2/2022,R410A,Washable,2,Mini Split,,0,4.2 lbs
447,Shipping Office - Clyde Lyde,MS Outer Bldgs,Shipping Office - Clyde Lyde,38CRC018340,FALSE,3904E08515,,R22,20X20,2,Air to Air,,1,3LB 3 OZ
748,CM2 Loaders Office,CM 2,,50SS-024---301--,FALSE,4094G40903,6/4/2020,R22,20X20,2,Package Unit,,1,2.75LBS
115,Bander Operator,Hot Mill,Bander Operator,ETAC2-15HC230VA-CP,FALSE,4217GP07250,6/2/2020,R410A,washable,2,PTAC,,0,35.27OZ
073,Mold Segment East Bottom Office PTAC,Caster,Mold Segment East Bottom Office PTAC,ETAC2-15HC23VA-CP,FALSE,4217GP07257,6/7/2019,R22,washable,2,PTAC,,0,32.1 OZ
837,CM 2 4 High Breakroom,CM 2,CM 2 4 High,38MARBQ24AA301,FALSE,4521V27258,8/8/2022,R-410A,washable,2,Mini Split,,0,5.73 lb
420,Radio Tower,MS Outer Bldgs,Radio Tower,PH4GNAB24000AATP,FALSE,4820F47579,,R410A,20X20,2,Package Unit,,1,7.5 OZ
214,Galv Line Electrical Maint PTAC,Cold Mill,Galv Line Electrical Maint PTAC,PTC153G50AXXX,FALSE,4921GP05304,8/12/2022,R410A,washable,2,PTAC,,0,32.1 OZ
858,NEW MET LAB CREW ROOM,Outer Buildings,NEW MET LAB,38MGRQ24C-301,FALSE,4921V22489,,R410A,,2,Mini Split,,0,6.17
473,Shipping Office Ice Machine,Outer Bldgs,Shipping Office Ice Machine,ICE060A,FALSE,5.02128E+12,,R134A,,2,Ice Machine,,0,9.5 OZ
816,Waste Water Connex,Melt Shop,Waste Water,40MBCQ18---3,FALSE,5020V21881,4/21/2021,R410A,washable,2,Mini Split,,0,
114,Bander Electric,Hot Mill,Bander Electric,ETAC2-15HC230VA-CP,FALSE,5121GP10490,7/22/2022,R410A,washable,2,PTAC,,0,28 OZ
076,Mold Segment East Top Office PTAC,Caster,Mold Segment East Top Office PTAC,DCP153A50AA,FALSE,540H26822012C3002X0116,,R410A,washable,2,PTAC,,0,36 OZ
237,Galv Line Exit Bathroom East,Cold Mill,Galv Line Exit Bathroom East,PTC153B50AM,FALSE,701090015,,R22,washable,2,PTAC,,0,28 OZ
215,Galv Line Middle Restroom PTAC,Cold Mill,Galv Line Middle Restroom PTAC,PTC153B50AM,FALSE,702206633,,R22,washable,2,PTAC,,0,28 OZ
433,Warehouse Connex North,MS Outer Bldgs,Warehouse Connex North,PGE10B24D075A3A,FALSE,8401B31608,,R22,12X12,2,Package,,2,52 OZ
437,Warehouse Connex South,MS Outer Bldgs,Warehouse Connex South,PGE10B24D075A3A,FALSE,8401B31613,,R22,12X12,2,Package,,2,52OZ
521,Old Café Walk-in Cooler,Admin / Cafeteria,Old Café Walk-in Cooler,1HMA0075P01,FALSE,913150660P,,R22,,2,Air to Air,,0,5LB
153,Jeremy Willet Locker,Hot Mill,Jeremy Willet Locker,PDE15K55FA,FALSE,ABCP00311,,R410A,washable,2,PTAC,,0,36 oz
207,Old drawing room ptac,Cold Mill,Old drawing room ptac,PDE15K5SF-A,FALSE,ACEP00236,,R410A,washable,2,PTAC,,0,32.1 OZ
161,Roll Shop Office,Roll Shop,Roll Shop Office,WAC18001W,FALSE,C23022270030,,R-410A,washable,2,Window Unit,,0,28.92
439,Baghouse Change Room,MS Outer Bldgs,Baghouse Change Room,YC2E24SB21SA,FALSE,C2B3466716,7/21/2023,R-410A,20X20,2,Air To Air,,1,5LB
462,Baghouse OFFICE,MS Outer Bldgs,Baghouse OFFICE,YC2E24SB21SA,FALSE,C2B3473369,7/28/2017,R410A,16x25,2,Air to Air,,2,5LB 6OZ
332,621 Cab,Overhead Cranes,Port,WAC18001W,FALSE,D23122270545,3/26/2024,R410A,washable,2,Window Unit,,0,31ozs
486,Main Guard Shack - Window Unit,Outer Bldgs,Main Guard Shack - Window Unit,AJES12DCBM1,FALSE,DL350908,1/1/2018,R410A,washable,2,Window Unit,,0,18 OZ
438,WAL URSEY WEST PTAC WH UPSTAIRS,MS Outer Bldgs,WAL URSEY WEST PTAC WH UPSTAIRS,PTEE1501UAA,FALSE,E06G11237E,,R22,washable,2,PTAC,,0,25.7 OZ
432,Warehouse Breakroom,MS Outer Bldgs,Warehouse Breakroom,PTED1501JCA,FALSE,F05A01821A,,R22,washable,2,PTAC,,0,26.5 OZ
051,DONNIE ECHOLS Tool Locker,LMF,DONNIE ECHOLS Tool Locker,PTED1501JCA,FALSE,F05A01824A,,R22,washable,2,PTAC,,0,26.5 OZ
213,Galv Line Electrical Maint PTAC,Cold Mill,Galv Line Electrical Maint PTAC,PTED1501JCA,FALSE,F05A01863A,1/1/2017,R22,washable,2,PTAC,,0,26.5 OZ
423,South Rail Scale,MS Outer Bldgs,South Rail Scale,PTEE1501UAA,FALSE,F06G11240E,,R22,washable,2,PTAC,,0,25.7 OZ
162,Bearing Locker P-Tac,Hot Mill,Bearing Locker,PTEE1501UAA,FALSE,F06G11244E,1/1/2017,R22,washable,2,PTAC,,0,25.7 OZ
212,Production Supv. Office PTAC,Cold Mill,Production Supv. Office PTAC,PTEE15014AA,FALSE,F06G124288E,,R22,washable,2,PTAC,,0,25.7 OZ
415,BAGHOUSE SILO OFFICE,MS Outer Bldgs,BAGHOUSE SILO OFFICE,PTEE1501UAA,FALSE,F06J01930E,1/1/2018,R410A,washable,2,PTAC,,0,25.7OZ
111,Breakroom   NORTH UNIT,Hot Mill,Breakroom   NORTH UNIT,PTEE1501UAA,FALSE,F06J01934E,,R22,washable,2,PTAC,,0,25.7OZ
430,Warehouse Receiving Office,MS Outer Bldgs,Warehouse Receiving Office,PTEE1501UAA,FALSE,F06K02166E,,R22,washable,2,PTAC,,0,25.7 OZ
401,MELTSHOP LAB ELECTRIC RM,MS Outer Bldgs,MELTSHOP LAB ELECTRIC RM,PTEE1501UAA,FALSE,F06K03791E,,R22,Washable,2,PTAC,,0,25.7OZ
152,Hot Mill Descale Basement Cool Hut,Hot Mill,Hot Mill Descale Basement Cool Hut,TCW024BFC20CLTS,FALSE,F12582005,,R22,20x20,2,Water Source,,2,38 OZ
020,East Mold & Segment,Melt Shop,Mold & Segment,AJEQ09DCFL2,FALSE,HH227597,,,,2,Window Unit,,0,
021,West Mold & Segment,Melt Shop,Mold & Segment,AJEQ09DCFL2,FALSE,HH227618,,,,2,Window Unit,,0,
022,Crane Level Bathroom,Melt Shop,Crane Level Bathroom,EM0241VTN,FALSE,HK027040D,,R22,16x25,2,Water Source,,1,43 OZ
327,617 Scale (Sludge) Pit Cab,Overhead Cranes,Hot Mill,AHE12DXL1,FALSE,HM061677M,5/26/2020,R410A,washable,2,Window Unit,,0,26.11
247,RT Middle Operator Station,Cold Mill,RT Middle Operator Station,EM0241VTN,FALSE,JD007893D,,R22,16x20,2,Water Source,,1,43 OZ
078,MOLD SEGMENT WEST PULPIT ROOF,Caster,MOLD SEGMENT WEST PULPIT ROOF,EM0241VTN,FALSE,JD007894D,,R22,20x20,2,Water Source,,1,43 OZ
074,Mold Segment West Top Office,Caster,Mold Segment West Top Office,EM0241VTN,FALSE,JD00789D,,R22,20x20,2,Water Source,,1,43 OZ
109,Hot Mill Stand Restroom,Hot Mill,Hot Mill Stand Restroom,EM0241VTN,FALSE,JF013077D,,R22,20X20,2,Water Source,,2,43 OZ
414,Mega Water Lab,MS Outer Bldgs,Mega Water Lab,2K24AB4G,FALSE,K312,,R22,16X20,2,Window Unit,,1,46 OZ
211,Production Supv. Office,Cold Mill,Production Supv. Office,2K24AB46,FALSE,K376,,R22,12x12,2,Window Unit,,2,46 OZ
452,Meltshop Warehouse ( IR) trailer,MS Outer Bldgs,Meltshop Warehouse ( IR) trailer,AVP24ACA10M2000CI,FALSE,KJ26460,,R22,16X25,2,Air to Air,,1,47 OZ
680,PAINT STORAGE LOCKER,Hot Mill,PAINT STORAGE LOCKER,PTEF1501HAA,FALSE,M2111,1/1/2017,R410A,washable,2,PTAC,,0,36OZ
054,Bricking Stand PULPIT,LMF,Bricking Stand PULPIT,TCV036AFC30CLTS,FALSE,N14153646,,R410A,24x24,2,Water Source,,1,50 OZ
282,CM1 WASTE WATER,Cold Mill,INSIDE CM 1 WATER TREATMENT,AR24TSFYBWKNVC,FALSE,OUMDPAFR800479Y,3/1/2022,R1410A,WASHABLE,2,Mini Split,,1,63.5OZ
817,NUCOR COATING SOUTH RESTROOM,Nucor Coating,SOUTH RESTROOM,AJ024TXJBCH,FALSE,OUQ4PAFR600251F,11/11/2021,R410A,washable,2,Mini Split,,1,93.5
818,NUCOR COATING NORTH RESTROOM,Nucor Coating,NORTH RESTROOM,AJ024TXJ3CH,FALSE,OUQ4PHFR600250F,11/11/2021,R410A,washable,2,Mini Split,,1,93.5
156,Tunnel furnace cool hut,Hot Mill,Tunnel furnace cool hut,TCW024AGC30ARTS,FALSE,P13370396,,R410A,24X24,2,Water Source,,1,43 OZ
154,New Tunnel Furnace Control Rm,Hot Mill,New Tunnel Furnace Control Rm,TCV024AGD30ALTS,FALSE,Q13023346,,R410A,20X20,2,Water Source,,1,
112,Surface Inspection,Hot Mill,Surface Inspection,TCV-18AGC30CLTS,FALSE,R11910411,,R410A,20X20,2,Water Source,,1,
077,Mold Segment Lab,Caster,Mold Segment Lab,2K24AB4G,FALSE,SK00163,,R22,,2,Air to Air,,0,46 OZ
070,CHRIS BURCH TOOL LOCKER,Caster,CHRIS BURCH TOOL LOCKER,2K24AB4G,FALSE,SK00164,,R22,16x20,2,Window Unit,,1,46 OZ
024,PM Shack Ice Machine,Melt Shop,PM Shack Ice Machine,EC400HAPB1,FALSE,T712019812,,R404A,,2,Ice Machine,,0,32 OZ
017,EAF 1 MCC Cabinet Unit,Melt Shop,EAF 1 MCC Cabinet Unit,SK3309110,FALSE,US002416,,R134A,washable,2,Cabinet Cooler,,0,11 OZ
018,EAF 2 MCC Cabinet unit,Melt Shop,EAF 2 MCC Cabinet unit,SK3309111,FALSE,US002417,,R134A,washable,2,Cabinet Cooler,,0,11OZ
675,Tension Leveler Entry,Cold Mill,Tension Leveler Entry,TCV024AFC30CLTS,FALSE,V13427608,1/1/2017,R410A,20X20,2,Water Source,,1,
676,Tension Leveler Exit,Cold Mill,Tension Leveler Exit,TCV024AFC30CLTS,FALSE,V13427609,1/1/2017,R410A,20X20,2,Water Source,,1,
422,South Motion Scale,MS Outer Bldgs,South Motion Scale,PAC036H1021A,FALSE,WFLM014041,,R22,20X20,2,Package,,1,4 LB 4 OZ
011,Door 9 1/2 Systems Ptac Unit,Melt Shop,Door 9 1/2 Systems,PTEF1501HAA,FALSE,not available,,,washable,2,Ptac Unit,,0,
870,CM 2 CONNEX,CM 2,CONNEX,EBC036A4E0A4EB0B000000000000000000000000000,FALSE,23162462PA,,,,1.5,,,0,
622,Mega Water Wall Fans,MS Outer Bldgs,Mega Water Wall Fans,AW1822DR3W,FALSE,2LK018001QZPDC7FRT145B4,2/28/2022,,,1.5,Window Unit,,0,
871,CM CONNEX,CM 2,CONNEX,BHI-12K230V-US,FALSE,3119233,,,,1.5,Mini Split,,0,
814,Hot Mill Crane Crew Office/Unit A,Hot Mill,Crane Crew Office,40MAHBQ18XA3,FALSE,4820V15415,4/20/2021,R410A,washable,1.5,Mini Split,,0,
815,Hot Mill Crane Crew Office/Unit B,Hot Mill,Crane Crew Office,40MAHBQ18XA3,FALSE,4820V15417,4/20/2021,R410A,washable,1.5,Mini Split,,0,
738,CM2 Roll Mill Middle Restroom,CM 2,Roll Mill,MXZ-2C20NA2,FALSE,82P10727,11/26/2019,R410A,washable,1.5,Mini Split,,2,5 LBS 15 OZ
742,CM2 North Roll Mill Restroom,CM 2,Roll Mill Restroom,MX2-2C20NA2,FALSE,92P02487,12/3/2019,R410A,WASHABLE,1.5,Mini Split,,0,5 LBS 15 OZ
239,Cold mill waste water break room,Cold Mill,Cold mill waste water break room,AHE18DXL2,FALSE,FS012259M,,R410A,washable,1.5,Window Unit,,0,18.6OZ
831,CGL PROCESS RESTROOM WOMENS,CM 2,,WAC8001W,FALSE,,1/1/2022,R410A,WASHABLE,1,Window Unit,,0,13.4
830,CGL PROCESS RESTROOM MEN,,,WAC8001W,FALSE,,1/1/2022,R410A,WASHABLE,1,Window Unit,,0,13.4
833,CGL EXIT RESTROOM WOMENS,,,WAC8001W,FALSE,,1/1/2022,R410A,WASHABLE,1,Window Unit,,0,13.4
832,CGL EXIT RESTROOM MENS,CM 2,,WAC8001W,FALSE,,1/1/2022,R410A,WASHABLE,1,Window Unit,,0,13.4
829,CGL ENTRY RESTROOM WOMENS,CM 2,,WAC8001W,FALSE,,1/1/2022,R410A,WASHABLE,1,Window Unit,,0,13.4
828,CGL ENTRY RESTROOM MENS,CM 2,,WAC8001W,FALSE,,1/1/2022,R410A,WASHABLE,1,Window Unit,,0,13.4
087,CASTER DRIVE 2 EAST CABINET COOLER,Caster,CASTER DRIVE 2 EAST CABINET COOLER,NE04012612XXX,FALSE,1005030010,,R422D,12x12,1,Cabinet Cooler,,1,9.25 OZ
071,CASTER DRIVE 2 WEST CABINET COOLER,Caster,CASTER DRIVE 2 WEST CABINET COOLER,NE04012612XXX,FALSE,1008030019,,R422D,12x12,1,Cabinet Cooler,,1,9.25 OZ
728,South Zolo Cabinet,Melt Shop,Melt Shop,NE0802364XDJXXX,FALSE,1521040030,1/1/2018,R422D,,1,Cabinet Cooler,,0,19 oz
727,North Zolo Cabinet,Melt Shop,Melt Shop,NE0802364XDJXXX,FALSE,1526050029,1/1/2018,R422D,,1,Cabinet Cooler,,0,19 OZ
236,Galv Line Exit Bathroom West,Cold Mill,Galv Line Exit Bathroom West,PTC153G50AXXXBA,FALSE,1907259197,,R410,washable,1,PTAC,,0,25 OZ
813,607 South,Overhead Cranes,Melt Shop,G521216G050,FALSE,21001553-05-A,5/11/2021,R134A,washable,1,Cabinet Cooler,,0,38OZ
35A,DOOR 9 BREAKROOM SOUTH (systems),Melt Shop,DOOR 9 BREAKROOM SOUTH,PTC153E50AXXXAA,FALSE,2108429536,2/24/2022,R410A,washable,1,PTAC,,0,36.0 OZ
866,PICKLE LINE COOL HUT SOUTH,CM 2,PICKLE LINE COOL HUT SOUTH,BHI-12k115v-us,FALSE,3119233,12/11/2023,R410A,WASHABLE,1,Mini Split,,1,36 OZ
834,CGL ROLL GRIND PULPIT,CM 2,,AJEQ10DWH,FALSE,340D737300316260150008,1/1/2022,R410A,WASHABLE,1,Window Unit,,0,14.1 OZ
085,Shane Knisley,Caster,Shane Knisley,PTC153A50AM,FALSE,701042985,,R410A,washable,1,PTAC,,0,36ozs
741,CM2 6 High Restroom,CM 2,6 High,MUZ-WR09NA,FALSE,91C00591,12/3/2019,R410A,WASHABLE,1,Mini Split,,0,1 LB 12 OZ
205,GALV ENTRY SOUTH BATHROOM,Cold Mill,GALV ENTRY SOUTH BATHROOM,8000 BTU 110V,FALSE,?,,R410A,washable,1,Window Unit,,1,16 OZ
674,Coldmill Elevator,Cold Mill,Coldmill Elevator,K3NA4C45P28L,FALSE,G17A9083,1/1/2017,R134A,washable,1,Package,,0,15oz
305,602 Cab,Overhead Cranes,Shipping Bay,AHE120XL1,FALSE,HM031669M,6/30/2020,R410A,washable,1,Package Unit,,0,
254,Galv Line Middle Restroom WINDOW UNIT,Cold Mill,Galv Line Middle Restroom WINDOW UNIT,254,FALSE,KK02221304,,R410A,washable,1,Window Unit,,0,13.76 OZ
245,RT TOOL LOCKER @ COLUMN 10,Cold Mill,RT TOOL LOCKER @ COLUMN 10,LRA050X17,FALSE,KK11004735,,R410A,washable,1,Window Unit,,0,8.11 OZ
255,Waste Water Bathroom,Cold Mill,Waste Water Bathroom,LRA050X17,FALSE,KK95208484,,R410A,washable,1,Window Unit,,0,8.7OZ
166,JF Martin Control Box North,Roll Shop,JF Martin Control Box North,M330426G009H,FALSE,M330426-00231542,,R134A,12X12,1,Cabinet Cooler,,1,14 OZ
167,JF Martin Control Box South,Roll Shop,JF Martin Control Box South,M330426G009H,FALSE,M330426-00388173,,R134A,12X12,1,Cabinet Cooler,,1,14 OZ
726,RT Bathroom Ptac,Cold Mill,RT Mill,PTEF1501HAA,FALSE,NA,,R410A,,1,Ptac Unit,,0,35.27OZ
256,GALV ENTRY NORTH BATHROOM,Cold Mill,GALV ENTRY NORTH BATHROOM,FHWW082WCE,FALSE,WK05214345,,R410A,washable,1,Window Unit,,0,16 OZ
641,Waste Water Wall Fans,Cold Mill,Waste Water Wall Fans,,FALSE,,,,,0,Fan,,0,
642,Waste Water Wall Fans,Cold Mill,Waste Water Wall Fans,,FALSE,,,,,0,Fan,,0,
643,Waste Water Wall Fans,Cold Mill,Waste Water Wall Fans,,FALSE,,,,,0,Fan,,0,
644,Waste Water Wall Fans,Cold Mill,Waste Water Wall Fans,,FALSE,,,,,0,Fan,,0,
645,Waste Water Wall Fans,Cold Mill,Waste Water Wall Fans,,FALSE,,,,,0,Fan,,0,
646,Waste Water Wall Fans,Cold Mill,Waste Water Wall Fans,,FALSE,,,,,0,Fan,,0,
647,Waste Water Wall Fans,Cold Mill,Waste Water Wall Fans,,FALSE,,,,,0,Fan,,0,
648,Waste Water Wall Fans,Cold Mill,Waste Water Wall Fans,,FALSE,,,,,0,Fan,,0,
686,Waste Water Pond Heater,Waste Water,Waste Water Pond Heater,,FALSE,,1/1/2017,,,0,Heater,,0,
687,Waste Water Pond Heater,Waste Water,Waste Water Pond Heater,,FALSE,,1/1/2017,,,0,Heater,,0,
631,Warehouse Wall Fans,MS Outer Bldgs,Warehouse Wall Fans,,FALSE,,,,,0,Fan,,0,
632,Warehouse Wall Fans,MS Outer Bldgs,Warehouse Wall Fans,,FALSE,,,,,0,Fan,,0,
633,Warehouse Wall Fans,MS Outer Bldgs,Warehouse Wall Fans,,FALSE,,,,,0,Fan,,0,
634,Warehouse Wall Fans,MS Outer Bldgs,Warehouse Wall Fans,,FALSE,,,,,0,Fan,,0,
626,Warehouse Rooftop Fans,MS Outer Bldgs,Warehouse Rooftop Fans,,FALSE,,,,,0,Fan,,0,
627,Warehouse Rooftop Fans,MS Outer Bldgs,Warehouse Rooftop Fans,,FALSE,,,,,0,Fan,,0,
628,Warehouse Rooftop Fans,MS Outer Bldgs,Warehouse Rooftop Fans,,FALSE,,,,,0,Fan,,0,
629,Warehouse Rooftop Fans,MS Outer Bldgs,Warehouse Rooftop Fans,,FALSE,,,,,0,Fan,,0,
630,Warehouse Rooftop Fans,MS Outer Bldgs,Warehouse Rooftop Fans,,FALSE,,,,,0,Fan,,0,
652,Warehouse Hanging Heater,MS Outer Bldgs,Warehouse Hanging Heater,,FALSE,,,,,0,Heater,,0,
653,Warehouse Hanging Heater,MS Outer Bldgs,Warehouse Hanging Heater,,FALSE,,,,,0,Heater,,0,
654,Warehouse Hanging Heater,MS Outer Bldgs,Warehouse Hanging Heater,,FALSE,,,,,0,Heater,,0,
655,Warehouse Hanging Heater,MS Outer Bldgs,Warehouse Hanging Heater,,FALSE,,,,,0,Heater,,0,
656,Warehouse Hanging Heater,MS Outer Bldgs,Warehouse Hanging Heater,,FALSE,,,,,0,Heater,,0,
657,Warehouse Hanging Heater,MS Outer Bldgs,Warehouse Hanging Heater,,FALSE,,,,,0,Heater,,0,
658,Warehouse Hanging Heater,MS Outer Bldgs,Warehouse Hanging Heater,,FALSE,,,,,0,Heater,,0,
609,Tunnel Furnace Roof Top Fans,Hot Mill,Tunnel Furnace Roof Top Fans,,FALSE,,,,,0,Fan,,0,
610,Tunnel Furnace Roof Top Fans,Hot Mill,Tunnel Furnace Roof Top Fans,,FALSE,,,,,0,Fan,,0,
611,Tunnel Furnace Roof Top Fans,Hot Mill,Tunnel Furnace Roof Top Fans,,FALSE,,,,,0,Fan,,0,
612,Tunnel Furnace Roof Top Fans,Hot Mill,Tunnel Furnace Roof Top Fans,,FALSE,,,,,0,Fan,,0,
613,Tunnel Furnace Roof Top Fans,Hot Mill,Tunnel Furnace Roof Top Fans,,FALSE,,,,,0,Fan,,0,
614,Tunnel Furnace Roof Top Fans,Hot Mill,Tunnel Furnace Roof Top Fans,,FALSE,,,,,0,Fan,,0,
668,Sec Sub 15  1/3 HP,MS Outer Bldgs,Sec Sub 15  1/3 HP,,FALSE,,,,,0,Fan,,0,
A004,Outer Buildings General Area - Parent Asset,Outer Bldgs,,,FALSE,,,,,0,Area,,0,
A006,Nucor Coating (old PreCoat Metals) - Parent ID,Nucor Coating,,,FALSE,,,,,0,,,0,
862,NEW MET LAB TESTING AREA A,,,,FALSE,,,,,0,,,0,
660,Mobile Maitenance Hanging Heater,MS Outer Bldgs,Mobile Maitenance Hanging Heater,UHCM-400NS-1,FALSE,,1/17/2022,,,0,Heater,,0,
662,Mobile Maitenance Hanging Heater,MS Outer Bldgs,Mobile Maitenance Hanging Heater,,FALSE,,,,,0,Heater,,0,
663,Mobile Maitenance Hanging Heater,MS Outer Bldgs,Mobile Maitenance Hanging Heater,,FALSE,,,,,0,Heater,,0,
664,Mobile Maitenance Hanging Heater,MS Outer Bldgs,Mobile Maitenance Hanging Heater,SEP-175A-5,FALSE,,,,,0,Heater,,0,
635,Mobile Maintenance Wall Fans,MS Outer Bldgs,Mobile Maintenance Wall Fans,,FALSE,,,,,0,Fan,,0,
636,Mobile Maintenance Wall Fans,MS Outer Bldgs,Mobile Maintenance Wall Fans,,FALSE,,,,,0,Fan,,0,
637,Mobile Maintenance Wall Fans,MS Outer Bldgs,Mobile Maintenance Wall Fans,,FALSE,,,,,0,Fan,,0,
638,Mobile Maintenance Wall Fans,MS Outer Bldgs,Mobile Maintenance Wall Fans,,FALSE,,,,,0,Fan,,0,
639,Mobile Maintenance Wall Fans,MS Outer Bldgs,Mobile Maintenance Wall Fans,,FALSE,,,,,0,Fan,,0,
640,Mobile Maintenance Wall Fans,MS Outer Bldgs,Mobile Maintenance Wall Fans,,FALSE,,,,,0,Fan,,0,
A003,Melt Shop General Area - Parent Asset,Melt Shop,,,FALSE,,,,,0,Area,,0,
619,Mega Water Wall Fans,MS Outer Bldgs,Mega Water Wall Fans,,FALSE,,,,,0,Fan,,0,
620,Mega Water Wall Fans,MS Outer Bldgs,Mega Water Wall Fans,,FALSE,,,,,0,Fan,,0,
621,Mega Water Wall Fans,MS Outer Bldgs,Mega Water Wall Fans,,FALSE,,,,,0,Fan,,0,
623,Mega Water Wall Fans,MS Outer Bldgs,Mega Water Wall Fans,,FALSE,,,,,0,Fan,,0,
624,Mega Water Wall Fans,MS Outer Bldgs,Mega Water Wall Fans,,FALSE,,,,,0,Fan,,0,
625,Mega Water Wall Fans,MS Outer Bldgs,Mega Water Wall Fans,,FALSE,,,,,0,Fan,,0,
667,Laddle Wall Office Hanging Heater,LMF,Laddle Wall Office Hanging Heater,,FALSE,,,,,0,Heater,,0,
A002,Hot Mill General Area - Parent Asset,Hot Mill,,,FALSE,,,,,0,Area,,0,
651,Electrical Mait Workshop Hanging Heater,MS Outer Bldgs,Electrical Mait Workshop Hanging Heater,,FALSE,,,,,0,Heater,,0,
665,Dr. 4 Hanging Heater,Hot Mill,Dr. 4 Hanging Heater,,FALSE,,,,,0,Heater,,0,
666,Dr. 4 Hanging Heater,Hot Mill,Dr. 4 Hanging Heater,,FALSE,,,,,0,Heater,,0,
615,Door 7 Wall Fans,Hot Mill,Door 7 Wall Fans,,FALSE,,,,,0,Fan,,0,
616,Door 7 Wall Fans,Hot Mill,Door 7 Wall Fans,,FALSE,,,,,0,Fan,,0,
617,Door 7 Wall Fans,Hot Mill,Door 7 Wall Fans,,FALSE,,,,,0,Fan,,0,
618,Door 7 Wall Fans,Hot Mill,Door 7 Wall Fans,,FALSE,,,,,0,Fan,,0,
A005,D&L Buildings - General Area,D&L Shop,Contractor Village,,FALSE,,,,,0,,,0,
A001,Cold Mill General Area - Parent Asset,Cold Mill,,,FALSE,,,,,0,Area,,0,
475,Café Deep Fryer,Outer Bldgs,Café Deep Fryer,,FALSE,,,,,0,Fryer,,0,
872,CRANE 616 COOL HUT,Hot Mill,,,FALSE,,,,,0,,,0,
873,COATINGS 903 CRANE,,,,FALSE,,,,,0,,,0,
874,COATINGS 902 CRANE,,,,FALSE,,,,,0,,,0,
875,CM 2 GIS LOWER LEVEL DEHUMIDIFIER,,,,FALSE,,,,,0,,,0,
A007,CM 2 Building General Area,CM 2,,,FALSE,,,,,0,,,0,
762,803 MCC South McLean,CM 2,Annealing,3,FALSE,,12/21/2020,R134A,,0,,,0,
650,"""VTD Boiler Room Fan 2 - 12,000 CFM 1HP""",Degasser,"""VTD Boiler Room Fan 2 - 12,000 CFM 1HP""",,FALSE,,,,,0,Fan,,0,
649,"""VTD Boiler Room Fan 1 - 12,000 CFM  1HP""",Degasser,"""VTD Boiler Room Fan 1 - 12,000 CFM  1HP""",,FALSE,,,,24x24,0,Fan,,9,
672,"""Pickle Line Supply Fan 4 - 36,000 CFM""",Cold Mill,"""Pickle Line Supply Fan 4 - 36,000 CFM""",,FALSE,,,,,0,Fan,,0,
671,"""Pickle Line Supply Fan 3 - 36,000 CFM""",Cold Mill,"""Pickle Line Supply Fan 3 - 36,000 CFM""",,FALSE,,,,,0,Fan,,0,
670,"""Pickle Line Supply Fan 2 - 36,000 CFM""",Cold Mill,"""Pickle Line Supply Fan 2 - 36,000 CFM""",,FALSE,,,,,0,Fan,,0,
669,"""Pickle Line Supply Fan 1 - 36,000 CFM""",Cold Mill,"""Pickle Line Supply Fan 1 - 36,000 CFM""",,FALSE,,,,,0,Fan,,0,
032,Sales Bldg Ice Machine,Admin / Cafeteria,Sales Bldg/Bottom Floor,ICEU300HA1,FALSE,07091280011242,,R404A,,0,Ice Machine,,0,16 OZ
251,PROCESS AHU North,Cold Mill,PROCESS AHU North,40RMS034601HC,FALSE,0904F18429,,,24x24,0,Chilled Water Fan Coil,,4,
250,PROCESS AHU Middle,Cold Mill,PROCESS AHU Middle,40RMS034601HC,FALSE,0904F18441,,,24x24,0,Chilled Water Fan Coil,,4,
029,MELTSHOP Lab Pressurization Unit,Melt Shop,MELTSHOP Lab Pressurization Unit,FA22800,FALSE,100188,,,24x24,0,Fresh Air,,2,
258,Pickle Line Exit Transformer Rm.,Pickle Line,Pickle Line Exit Transformer Rm.,40RMS034601HC,FALSE,1108U07874,,,24X24,0,Chilled Water Fan Coil,,8,
223,RT Basement South Fresh Air,Cold Mill,RT Basement South Fresh Air,39TH61BAAFGH,FALSE,1598F36561,,,16x25,0,AHU,,35,
854,MELT SHOP OFFICE CONNEX,Melt Shop,MELT SHOP OFFICE CONNEX,MUZ-GL24NA,FALSE,2000134T,5/18/2023,R410-A,N/A,0,Mini Split,,0,
812,Melters Office Ice Machine,Melt Shop,Melt Shop,ICEU150FA8,FALSE,210212800 10408,3/5/2021,R404,,0,Ice Machine,,0,12OZ
242,Bridal Fan #2,Cold Mill,Bridal Fan #2,165CPS165CPSCL1,FALSE,223S946354000000701,,,16x25,0,Fan,,4,
241,Bridal Fan #1,Cold Mill,Bridal Fan #1,165CPS165CPSCL1,FALSE,223S946354000000702,,,16x25,0,Fan,,4,
849,GALV LINE ZINC POT BASEMENT BLOWER,CM 2,GALV LINE,490 GAS S 490CA-SWS1 CL2,FALSE,223SJ14910 00/0000701,,,24X24,0,Fresh Air,,32,
860,NEW MET LAB RESTROOM,,,TSC09H4R0A2900010000000C0000000,FALSE,224015628L,,,,0,,,0,
863,NEW MET LAB TESTING AREA B,Outer Buildings,NEW MET LAB,TSC09H4R0A2900010000000C0000000,FALSE,224111818L,,,,0,,,0,
850,MINI SPLIT,Nucor Coating,IT ROOM,38MARBQ36AA3,FALSE,2421V20454,3/10/2023,R-410A,WASHABLE,0,Mini Split,,0,7.5 LBS
459,FLUX FEED East Fire Supression,MS Outer Bldgs,FLUX FEED East Fire Supression,FA4CNF030,FALSE,4606A68559,,,16x20,0,Heater,,1,
460,FLUX FEED West Fire Supression,MS Outer Bldgs,FLUX FEED West Fire Supression,FA4CNF030,FALSE,4606A70293,,,16x20,0,Heater,,1,
856,NEW MET LAB CONFERENCE ROOM,,,38MBRB948AA3,FALSE,4921V29852,,,,0,,,0,
470,Ice Machine,Melt Shop,Ice Machine,ICE0500FT2,FALSE,6.08128E+12,,R404A,,0,Ice Machine,,0,23 OZ
232,Galv Line Shipping Heater,Cold Mill,Galv Line Shipping Heater,GHLIFP3001175,FALSE,9870414,,,,0,Heater,,0,
234,Galv Line Shipping Heater,Cold Mill,Galv Line Shipping Heater,GHLIFP3001175,FALSE,9870415,,,,0,Heater,,0,
231,Galv Line Shipping Heater,Cold Mill,Galv Line Shipping Heater,GHLIFP3001175,FALSE,9870416,,,,0,Heater,,0,
233,Galv Line Shipping Heater,Cold Mill,Galv Line Shipping Heater,GHLIFP3001175,FALSE,9870417,,,,0,Heater,,0,
044,Transvault,LMF,Transvault,MCCA030JBCOCCA000,FALSE,K92C14850,,,,0,AHU,,0,
124,Coiler Hydraulic 2,Hot Mill,Coiler Hydraulic 2,MCCA030MABOBOAO,FALSE,K92C14863,,,24X24,0,AHU,,6,
123,Coiler Hydraulic 1,Hot Mill,Coiler Hydraulic 1,MCCA030MABOBOAO,FALSE,K92C14866,,,24X24,0,AHU,,6,
121,Coiler MCC 2,Hot Mill,Coiler MCC 2,MCCA025CAD0C0A000000,FALSE,K92C15549,,,24x24,0,AHU,,6,
104,Hot Mill Stand Transformer Rm. Sec Sub 13,Hot Mill,Hot Mill Stand Transformer Rm. Sec Sub 13,MCCA010GACBBB000E0E,FALSE,K92C15757,,,24X24,0,AHU,,2,
118,Air Handler Tunnel Furnace,Hot Mill,Air Handler Tunnel Furnace,MCCA017ADOCOAOA,FALSE,K92C15760,,,,0,AHU,,0,
120,Coiler MCC 1,Hot Mill,Coiler MCC 1,MCCA025CAD0C0A000000,FALSE,K92C15808,,,24x24,0,AHU,,6,
127,FX MCC 2,Hot Mill,FX MCC 2,MCCA025CAD0C0A000000,FALSE,K92D16700,,,,0,AHU,,0,
861,NEW MET LAB LAB,,,ZR150E54R4A4JAA1A1,FALSE,N2M1720277,,,,0,,,0,
661,Mobile Maitenance Hanging Heater,MS Outer Bldgs,Mobile Maitenance Hanging Heater,SEP-400A-4,FALSE,S6003M05025,,,,0,Heater,,0,
1001,COLD MILL ELECTRIC ROOM - NON CONTRACT,Cold Mill,ELECTRIC ROOM,YN024GLF119RPE,FALSE,Z4U20103027337,5/28/2024,R410A,,0,Mini Split,,0,